timestamp,transaction_id,amount,action,result,recovered_amount,attempt_number,message
2026-08-31T13:54:32.183963,TX0013,6211,retry_payment,failed,0,3,Payment retry failed.
2026-08-31T13:58:49.569933,TX0013,6211,retry_payment,stopped,0,4,Maximum automatic recovery attempts reached. Further retries are stopped.
2026-08-31T14:06:28.098642,TX0164,9211,retry_payment,success,9211,3,Payment recovered successfully.
2026-08-31T14:14:50.247340,TX0003,1307,retry_payment,success,1307,3,Payment recovered successfully.
2026-08-31T14:14:50.250456,TX0005,9149,retry_payment,success,9149,2,Payment recovered successfully.
2026-08-31T14:14:50.253528,TX0009,4399,send_payment_reminder,reminder_sent,0,1,Payment reminder sent to customer.
2026-08-31T14:14:50.255633,TX0013,6211,retry_payment,stopped,0,5,Maximum automatic recovery attempts reached. Further retries are stopped.
2026-08-31T14:14:50.256914,TX0014,5531,send_payment_reminder,reminder_sent,0,2,Payment reminder sent to customer.
2026-08-31T14:14:50.258319,TX0015,335,send_payment_reminder,reminder_sent,0,3,Payment reminder sent to customer.
2026-08-31T14:14:50.259545,TX0016,4852,escalate,escalated,0,3,Case escalated to human support.
2026-08-31T14:14:50.260823,TX0023,3841,send_payment_reminder,reminder_sent,0,3,Payment reminder sent to customer.
2026-08-31T14:14:50.262094,TX0028,8018,escalate,escalated,0,3,Case escalated to human support.
2026-08-31T14:14:50.263404,TX0031,7639,send_payment_reminder,reminder_sent,0,1,Payment reminder sent to customer.
2026-08-31T14:14:50.268322,TX0034,570,retry_payment,stopped,0,4,Maximum automatic recovery attempts reached. Further retries are stopped.
2026-08-31T14:14:50.269535,TX0039,4232,send_payment_reminder,reminder_sent,0,3,Payment reminder sent to customer.
2026-08-31T14:14:50.273663,TX0043,9780,retry_payment,stopped,0,4,Maximum automatic recovery attempts reached. Further retries are stopped.
2026-08-31T14:14:50.275131,TX0048,4560,escalate,escalated,0,3,Case escalated to human support.
2026-08-31T14:14:50.276350,TX0051,6175,send_payment_reminder,reminder_sent,0,1,Payment reminder sent to customer.
2026-08-31T14:14:50.279382,TX0053,9216,retry_payment,stopped,0,4,Maximum automatic recovery attempts reached. Further retries are stopped.
2026-08-31T14:14:50.282542,TX0054,2407,retry_payment,success,2407,2,Payment recovered successfully.
2026-08-31T14:14:50.285060,TX0055,3456,retry_payment,failed,0,2,Payment retry failed.
2026-08-31T14:14:50.286416,TX0060,4428,send_payment_reminder,reminder_sent,0,3,Payment reminder sent to customer.
2026-08-31T14:14:50.288874,TX0062,7884,retry_payment,failed,0,2,Payment retry failed.
2026-08-31T14:14:50.290301,TX0072,7214,send_payment_reminder,reminder_sent,0,2,Payment reminder sent to customer.
2026-08-31T14:14:50.291646,TX0073,8792,send_payment_reminder,reminder_sent,0,1,Payment reminder sent to customer.
2026-08-31T14:14:50.293832,TX0076,2611,retry_payment,success,2611,2,Payment recovered successfully.
2026-08-31T14:14:50.295380,TX0081,8043,send_payment_reminder,reminder_sent,0,3,Payment reminder sent to customer.
2026-08-31T14:14:50.297949,TX0083,3457,retry_payment,stopped,0,4,Maximum automatic recovery attempts reached. Further retries are stopped.
2026-08-31T14:14:50.300172,TX0090,689,retry_payment,failed,0,3,Payment retry failed.
2026-08-31T14:14:50.302540,TX0097,5012,retry_payment,success,5012,3,Payment recovered successfully.
2026-08-31T14:14:50.303923,TX0102,4554,send_payment_reminder,reminder_sent,0,3,Payment reminder sent to customer.
2026-08-31T14:14:50.305345,TX0104,6247,send_payment_reminder,reminder_sent,0,1,Payment reminder sent to customer.
2026-08-31T14:14:50.307574,TX0111,667,retry_payment,success,667,3,Payment recovered successfully.
2026-08-31T14:14:50.309810,TX0114,7261,retry_payment,failed,0,2,Payment retry failed.
2026-08-31T14:14:50.312073,TX0118,9482,retry_payment,stopped,0,4,Maximum automatic recovery attempts reached. Further retries are stopped.
2026-08-31T14:14:50.314679,TX0126,7570,retry_payment,stopped,0,4,Maximum automatic recovery attempts reached. Further retries are stopped.
2026-08-31T14:14:50.317201,TX0129,6782,retry_payment,success,6782,3,Payment recovered successfully.
2026-08-31T14:14:50.318606,TX0132,4469,send_payment_reminder,reminder_sent,0,2,Payment reminder sent to customer.
2026-08-31T14:14:50.319868,TX0138,1143,send_payment_reminder,reminder_sent,0,3,Payment reminder sent to customer.
2026-08-31T14:14:50.321954,TX0148,3594,retry_payment,failed,0,2,Payment retry failed.
2026-08-31T14:14:50.323978,TX0164,9211,retry_payment,stopped,0,4,Maximum automatic recovery attempts reached. Further retries are stopped.
2026-08-31T14:14:50.325974,TX0166,5908,retry_payment,success,5908,2,Payment recovered successfully.
2026-08-31T14:14:50.328601,TX0169,204,retry_payment,failed,0,3,Payment retry failed.
2026-08-31T14:14:50.331694,TX0172,9038,retry_payment,failed,0,3,Payment retry failed.
2026-08-31T14:14:50.333140,TX0177,9753,send_payment_reminder,reminder_sent,0,1,Payment reminder sent to customer.
2026-08-31T14:14:50.335489,TX0180,1186,retry_payment,success,1186,2,Payment recovered successfully.
2026-08-31T14:14:50.337821,TX0184,7207,retry_payment,success,7207,3,Payment recovered successfully.
2026-08-31T14:14:50.339986,TX0189,9631,retry_payment,success,9631,2,Payment recovered successfully.
2026-08-31T14:14:50.342377,TX0190,2877,retry_payment,failed,0,3,Payment retry failed.
2026-08-31T14:14:50.344827,TX0198,9547,retry_payment,success,9547,3,Payment recovered successfully.
2026-08-31T14:14:50.347951,TX0202,8293,retry_payment,success,8293,3,Payment recovered successfully.
2026-08-31T14:14:50.349158,TX0204,8192,send_payment_reminder,reminder_sent,0,1,Payment reminder sent to customer.
2026-08-31T14:14:50.351473,TX0207,8855,retry_payment,stopped,0,4,Maximum automatic recovery attempts reached. Further retries are stopped.
2026-08-31T14:14:50.353912,TX0208,5308,retry_payment,success,5308,3,Payment recovered successfully.
2026-08-31T14:14:50.356201,TX0211,2524,retry_payment,success,2524,2,Payment recovered successfully.
2026-08-31T14:14:50.359067,TX0212,9438,retry_payment,success,9438,3,Payment recovered successfully.
2026-08-31T14:14:50.360488,TX0214,1732,send_payment_reminder,reminder_sent,0,3,Payment reminder sent to customer.
2026-08-31T14:14:50.361870,TX0216,3015,send_payment_reminder,reminder_sent,0,1,Payment reminder sent to customer.
2026-08-31T14:14:50.363241,TX0227,2045,escalate,escalated,0,3,Case escalated to human support.
2026-08-31T14:14:50.365627,TX0228,6765,retry_payment,success,6765,3,Payment recovered successfully.
2026-08-31T14:14:50.367882,TX0230,1544,retry_payment,success,1544,3,Payment recovered successfully.
2026-08-31T14:14:50.370044,TX0231,795,retry_payment,success,795,3,Payment recovered successfully.
2026-08-31T14:14:50.372530,TX0232,7988,retry_payment,failed,0,3,Payment retry failed.
2026-08-31T14:14:50.374941,TX0234,3516,retry_payment,failed,0,3,Payment retry failed.
2026-08-31T14:14:50.377302,TX0236,1279,retry_payment,success,1279,2,Payment recovered successfully.
2026-08-31T14:14:50.379870,TX0238,2208,retry_payment,success,2208,3,Payment recovered successfully.
2026-08-31T14:14:50.381254,TX0241,1669,send_payment_reminder,reminder_sent,0,1,Payment reminder sent to customer.
2026-08-31T14:14:50.382591,TX0242,5426,send_payment_reminder,reminder_sent,0,3,Payment reminder sent to customer.
2026-08-31T14:14:50.384991,TX0243,6092,retry_payment,failed,0,2,Payment retry failed.
2026-08-31T14:14:50.387297,TX0245,5028,retry_payment,stopped,0,4,Maximum automatic recovery attempts reached. Further retries are stopped.
2026-08-31T14:14:50.389595,TX0246,9165,retry_payment,success,9165,3,Payment recovered successfully.
2026-08-31T14:14:50.391763,TX0248,5496,retry_payment,success,5496,3,Payment recovered successfully.
2026-08-31T14:14:50.394036,TX0258,9000,retry_payment,failed,0,2,Payment retry failed.
2026-08-31T14:14:50.396979,TX0260,8100,retry_payment,failed,0,3,Payment retry failed.
2026-08-31T14:14:50.399294,TX0261,9509,retry_payment,success,9509,2,Payment recovered successfully.
2026-08-31T14:14:50.401711,TX0273,8163,retry_payment,success,8163,3,Payment recovered successfully.
2026-08-31T14:14:50.403942,TX0274,5938,retry_payment,failed,0,3,Payment retry failed.
2026-08-31T14:14:50.406078,TX0280,6831,retry_payment,stopped,0,4,Maximum automatic recovery attempts reached. Further retries are stopped.
2026-08-31T14:14:50.408249,TX0281,8458,retry_payment,success,8458,2,Payment recovered successfully.
2026-08-31T14:14:50.410383,TX0284,3654,retry_payment,failed,0,3,Payment retry failed.
2026-08-31T14:14:50.413263,TX0293,3752,retry_payment,stopped,0,4,Maximum automatic recovery attempts reached. Further retries are stopped.
2026-08-31T14:14:50.415738,TX0296,7608,retry_payment,success,7608,2,Payment recovered successfully.
2026-08-31T14:14:50.416987,TX0298,3572,send_payment_reminder,reminder_sent,0,1,Payment reminder sent to customer.
2026-08-31T14:14:50.418287,TX0301,6892,escalate,escalated,0,3,Case escalated to human support.
2026-08-31T14:14:50.419443,TX0310,1366,send_payment_reminder,reminder_sent,0,1,Payment reminder sent to customer.
2026-08-31T14:14:50.420623,TX0315,6054,escalate,escalated,0,3,Case escalated to human support.
2026-08-31T14:14:50.422828,TX0323,1294,retry_payment,success,1294,3,Payment recovered successfully.
2026-08-31T14:14:50.424973,TX0327,5998,retry_payment,failed,0,3,Payment retry failed.
2026-08-31T14:14:50.427142,TX0336,2473,retry_payment,stopped,0,4,Maximum automatic recovery attempts reached. Further retries are stopped.
2026-08-31T14:14:50.429746,TX0339,2678,retry_payment,success,2678,2,Payment recovered successfully.
2026-08-31T14:14:50.432118,TX0340,7932,retry_payment,success,7932,3,Payment recovered successfully.
2026-08-31T14:14:50.434466,TX0342,6607,retry_payment,failed,0,3,Payment retry failed.
2026-08-31T14:14:50.436654,TX0350,285,retry_payment,failed,0,2,Payment retry failed.
2026-08-31T14:14:50.437825,TX0354,2047,send_payment_reminder,reminder_sent,0,1,Payment reminder sent to customer.
2026-08-31T14:14:50.438947,TX0368,9912,send_payment_reminder,reminder_sent,0,1,Payment reminder sent to customer.
2026-08-31T14:14:50.441166,TX0374,636,retry_payment,failed,0,2,Payment retry failed.
2026-08-31T14:14:50.443335,TX0384,3271,retry_payment,stopped,0,4,Maximum automatic recovery attempts reached. Further retries are stopped.
2026-08-31T14:14:50.444572,TX0387,693,send_payment_reminder,reminder_sent,0,3,Payment reminder sent to customer.
2026-08-31T14:14:50.447407,TX0392,5393,retry_payment,failed,0,3,Payment retry failed.
2026-08-31T14:14:50.449876,TX0394,9199,retry_payment,success,9199,3,Payment recovered successfully.
2026-08-31T14:14:50.452161,TX0396,489,retry_payment,success,489,2,Payment recovered successfully.
2026-08-31T14:14:50.453354,TX0400,6343,escalate,escalated,0,3,Case escalated to human support.
2026-08-31T14:14:50.455534,TX0401,1276,retry_payment,success,1276,3,Payment recovered successfully.
2026-08-31T14:14:50.456816,TX0405,5780,send_payment_reminder,reminder_sent,0,1,Payment reminder sent to customer.
2026-08-31T14:14:50.458988,TX0408,1325,retry_payment,failed,0,2,Payment retry failed.
2026-08-31T14:14:50.461405,TX0416,4013,retry_payment,failed,0,2,Payment retry failed.
2026-08-31T14:14:50.464067,TX0417,7279,retry_payment,success,7279,3,Payment recovered successfully.
2026-08-31T14:14:50.466433,TX0418,1013,retry_payment,failed,0,3,Payment retry failed.
2026-08-31T14:14:50.467849,TX0428,1981,send_payment_reminder,reminder_sent,0,1,Payment reminder sent to customer.
2026-08-31T14:14:50.470050,TX0429,8955,retry_payment,stopped,0,4,Maximum automatic recovery attempts reached. Further retries are stopped.
2026-08-31T14:14:50.471423,TX0435,2253,send_payment_reminder,reminder_sent,0,1,Payment reminder sent to customer.
2026-08-31T14:14:50.472581,TX0438,5305,escalate,escalated,0,3,Case escalated to human support.
2026-08-31T14:14:50.473790,TX0440,3787,send_payment_reminder,reminder_sent,0,1,Payment reminder sent to customer.
2026-08-31T14:14:50.476085,TX0441,4238,retry_payment,success,4238,2,Payment recovered successfully.
2026-08-31T14:14:50.477321,TX0442,931,send_payment_reminder,reminder_sent,0,2,Payment reminder sent to customer.
2026-08-31T14:14:50.478663,TX0444,2835,escalate,escalated,0,3,Case escalated to human support.
2026-08-31T14:14:50.479987,TX0446,9395,send_payment_reminder,reminder_sent,0,1,Payment reminder sent to customer.
2026-08-31T14:14:50.481327,TX0447,1922,escalate,escalated,0,3,Case escalated to human support.
2026-08-31T14:14:50.482530,TX0448,6307,escalate,escalated,0,3,Case escalated to human support.
2026-08-31T14:14:50.484874,TX0450,323,retry_payment,stopped,0,4,Maximum automatic recovery attempts reached. Further retries are stopped.
2026-08-31T14:14:50.487327,TX0457,3220,retry_payment,success,3220,3,Payment recovered successfully.
2026-08-31T14:14:50.488728,TX0462,7407,send_payment_reminder,reminder_sent,0,1,Payment reminder sent to customer.
2026-08-31T14:14:50.491215,TX0463,421,retry_payment,failed,0,3,Payment retry failed.
2026-08-31T14:14:50.493761,TX0466,5239,retry_payment,success,5239,2,Payment recovered successfully.
2026-08-31T14:14:50.496415,TX0471,8362,retry_payment,success,8362,3,Payment recovered successfully.
2026-08-31T14:14:50.499071,TX0472,6309,retry_payment,failed,0,2,Payment retry failed.
2026-08-31T14:14:50.501584,TX0473,3592,retry_payment,failed,0,3,Payment retry failed.
2026-08-31T14:14:50.503002,TX0479,1237,send_payment_reminder,reminder_sent,0,1,Payment reminder sent to customer.
2026-08-31T14:14:50.505443,TX0481,1894,retry_payment,success,1894,3,Payment recovered successfully.
2026-08-31T14:14:50.506857,TX0482,9477,send_payment_reminder,reminder_sent,0,3,Payment reminder sent to customer.
2026-08-31T14:14:50.508227,TX0488,1247,send_payment_reminder,reminder_sent,0,1,Payment reminder sent to customer.
2026-08-31T14:14:50.510658,TX0491,1779,retry_payment,success,1779,3,Payment recovered successfully.
2026-08-31T14:14:50.513149,TX0493,3554,retry_payment,success,3554,3,Payment recovered successfully.
2026-08-31T14:14:50.514707,TX0501,4590,send_payment_reminder,reminder_sent,0,3,Payment reminder sent to customer.
2026-08-31T14:14:50.517232,TX0508,1643,retry_payment,stopped,0,4,Maximum automatic recovery attempts reached. Further retries are stopped.
2026-08-31T14:14:50.519665,TX0513,1913,retry_payment,stopped,0,4,Maximum automatic recovery attempts reached. Further retries are stopped.
2026-08-31T14:14:50.522297,TX0518,3773,retry_payment,success,3773,2,Payment recovered successfully.
2026-08-31T14:14:50.525066,TX0525,4027,retry_payment,failed,0,2,Payment retry failed.
2026-08-31T14:14:50.527734,TX0527,5649,retry_payment,success,5649,3,Payment recovered successfully.
2026-08-31T14:14:50.530552,TX0532,1778,retry_payment,failed,0,2,Payment retry failed.
2026-08-31T14:14:50.533386,TX0535,5353,retry_payment,success,5353,3,Payment recovered successfully.
2026-08-31T14:14:50.534686,TX0537,8304,send_payment_reminder,reminder_sent,0,2,Payment reminder sent to customer.
2026-08-31T14:14:50.536976,TX0539,1311,retry_payment,success,1311,2,Payment recovered successfully.
2026-08-31T14:14:50.538406,TX0544,2159,send_payment_reminder,reminder_sent,0,1,Payment reminder sent to customer.
2026-08-31T14:14:50.540793,TX0547,7267,retry_payment,failed,0,3,Payment retry failed.
2026-08-31T14:14:50.543184,TX0549,3327,retry_payment,failed,0,3,Payment retry failed.
2026-08-31T14:14:50.545987,TX0550,9921,retry_payment,stopped,0,4,Maximum automatic recovery attempts reached. Further retries are stopped.
2026-08-31T14:14:50.548589,TX0556,7500,retry_payment,stopped,0,4,Maximum automatic recovery attempts reached. Further retries are stopped.
2026-08-31T14:14:50.551031,TX0562,862,retry_payment,failed,0,3,Payment retry failed.
2026-08-31T14:14:50.553410,TX0565,9584,retry_payment,success,9584,2,Payment recovered successfully.
2026-08-31T14:14:50.554775,TX0567,2632,escalate,escalated,0,3,Case escalated to human support.
2026-08-31T14:14:50.557149,TX0568,4965,retry_payment,failed,0,2,Payment retry failed.
2026-08-31T14:14:50.559494,TX0569,1727,retry_payment,stopped,0,4,Maximum automatic recovery attempts reached. Further retries are stopped.
2026-08-31T14:14:50.562903,TX0574,8414,retry_payment,success,8414,2,Payment recovered successfully.
2026-08-31T14:14:50.565655,TX0578,2552,retry_payment,stopped,0,4,Maximum automatic recovery attempts reached. Further retries are stopped.
2026-08-31T14:14:50.568126,TX0580,9997,retry_payment,stopped,0,4,Maximum automatic recovery attempts reached. Further retries are stopped.
2026-08-31T14:14:50.569501,TX0582,5791,send_payment_reminder,reminder_sent,0,3,Payment reminder sent to customer.
2026-08-31T14:14:50.571967,TX0585,7675,retry_payment,success,7675,3,Payment recovered successfully.
2026-08-31T14:14:50.574388,TX0586,1592,retry_payment,stopped,0,4,Maximum automatic recovery attempts reached. Further retries are stopped.
2026-08-31T14:14:50.575771,TX0590,996,escalate,escalated,0,3,Case escalated to human support.
2026-08-31T14:14:50.578231,TX0593,6642,retry_payment,stopped,0,4,Maximum automatic recovery attempts reached. Further retries are stopped.
2026-08-31T14:14:50.580985,TX0596,4967,retry_payment,success,4967,3,Payment recovered successfully.
2026-08-31T14:14:50.583431,TX0597,2959,retry_payment,success,2959,3,Payment recovered successfully.
2026-08-31T14:14:50.584852,TX0606,7411,send_payment_reminder,reminder_sent,0,3,Payment reminder sent to customer.
2026-08-31T14:14:50.586227,TX0607,6370,escalate,escalated,0,3,Case escalated to human support.
2026-08-31T14:14:50.587589,TX0612,1099,send_payment_reminder,reminder_sent,0,3,Payment reminder sent to customer.
2026-08-31T14:14:50.589984,TX0617,3417,retry_payment,success,3417,2,Payment recovered successfully.
2026-08-31T14:14:50.592357,TX0628,8582,retry_payment,success,8582,2,Payment recovered successfully.
2026-08-31T14:14:50.593710,TX0629,9885,send_payment_reminder,reminder_sent,0,3,Payment reminder sent to customer.
2026-08-31T14:14:50.596973,TX0640,5280,retry_payment,failed,0,3,Payment retry failed.
2026-08-31T14:14:50.599344,TX0641,4566,retry_payment,failed,0,2,Payment retry failed.
2026-08-31T14:14:50.601713,TX0645,2622,retry_payment,success,2622,3,Payment recovered successfully.
2026-08-31T14:14:50.604094,TX0646,8540,retry_payment,failed,0,3,Payment retry failed.
2026-08-31T14:14:50.606605,TX0650,3703,retry_payment,success,3703,3,Payment recovered successfully.
2026-08-31T14:14:50.609260,TX0652,9977,retry_payment,failed,0,2,Payment retry failed.
2026-08-31T14:14:50.612116,TX0654,9503,retry_payment,success,9503,3,Payment recovered successfully.
2026-08-31T14:14:50.613785,TX0656,1947,send_payment_reminder,reminder_sent,0,3,Payment reminder sent to customer.
2026-08-31T14:14:50.616726,TX0659,1626,retry_payment,stopped,0,4,Maximum automatic recovery attempts reached. Further retries are stopped.
2026-08-31T14:14:50.619835,TX0662,6966,retry_payment,failed,0,2,Payment retry failed.
2026-08-31T14:14:50.621416,TX0663,4693,send_payment_reminder,reminder_sent,0,2,Payment reminder sent to customer.
2026-08-31T14:14:50.623021,TX0678,1854,escalate,escalated,0,3,Case escalated to human support.
2026-08-31T14:14:50.626121,TX0679,7134,retry_payment,success,7134,3,Payment recovered successfully.
2026-08-31T14:14:50.627792,TX0681,4486,escalate,escalated,0,3,Case escalated to human support.
2026-08-31T14:14:50.631604,TX0682,9498,retry_payment,stopped,0,4,Maximum automatic recovery attempts reached. Further retries are stopped.
2026-08-31T14:14:50.634796,TX0684,8585,retry_payment,success,8585,3,Payment recovered successfully.
2026-08-31T14:14:50.637856,TX0687,9956,retry_payment,stopped,0,4,Maximum automatic recovery attempts reached. Further retries are stopped.
2026-08-31T14:14:50.640822,TX0693,4547,retry_payment,success,4547,3,Payment recovered successfully.
2026-08-31T14:14:50.643747,TX0702,8126,retry_payment,success,8126,3,Payment recovered successfully.
2026-08-31T14:14:50.645431,TX0707,537,send_payment_reminder,reminder_sent,0,3,Payment reminder sent to customer.
2026-08-31T14:14:50.648961,TX0712,1754,retry_payment,stopped,0,4,Maximum automatic recovery attempts reached. Further retries are stopped.
2026-08-31T14:14:50.651777,TX0713,1499,retry_payment,success,1499,3,Payment recovered successfully.
2026-08-31T14:14:50.654321,TX0715,9224,retry_payment,success,9224,3,Payment recovered successfully.
2026-08-31T14:14:50.656722,TX0716,5743,retry_payment,success,5743,3,Payment recovered successfully.
2026-08-31T14:14:50.659156,TX0720,3882,retry_payment,success,3882,3,Payment recovered successfully.
2026-08-31T14:14:50.660408,TX0721,6953,send_payment_reminder,reminder_sent,0,2,Payment reminder sent to customer.
2026-08-31T14:14:50.663297,TX0724,9544,retry_payment,success,9544,2,Payment recovered successfully.
2026-08-31T14:14:50.666000,TX0726,3743,retry_payment,failed,0,2,Payment retry failed.
2026-08-31T14:14:50.668434,TX0730,6945,retry_payment,failed,0,2,Payment retry failed.
2026-08-31T14:14:50.669700,TX0733,5855,send_payment_reminder,reminder_sent,0,3,Payment reminder sent to customer.
2026-08-31T14:14:50.672085,TX0734,7230,retry_payment,failed,0,2,Payment retry failed.
2026-08-31T14:14:50.674398,TX0736,9482,retry_payment,failed,0,2,Payment retry failed.
2026-08-31T14:14:50.676710,TX0737,5711,retry_payment,stopped,0,4,Maximum automatic recovery attempts reached. Further retries are stopped.
2026-08-31T14:14:50.679480,TX0738,894,retry_payment,success,894,2,Payment recovered successfully.
2026-08-31T14:14:50.682180,TX0740,4322,retry_payment,stopped,0,4,Maximum automatic recovery attempts reached. Further retries are stopped.
2026-08-31T14:14:50.683481,TX0743,1646,send_payment_reminder,reminder_sent,0,1,Payment reminder sent to customer.
2026-08-31T14:14:50.685844,TX0751,5701,retry_payment,stopped,0,4,Maximum automatic recovery attempts reached. Further retries are stopped.
2026-08-31T14:14:50.688165,TX0752,9773,retry_payment,success,9773,2,Payment recovered successfully.
2026-08-31T14:14:50.689469,TX0753,1774,send_payment_reminder,reminder_sent,0,3,Payment reminder sent to customer.
2026-08-31T14:14:50.691784,TX0756,9319,retry_payment,failed,0,3,Payment retry failed.
2026-08-31T14:14:50.694216,TX0759,1637,retry_payment,success,1637,2,Payment recovered successfully.
2026-08-31T14:14:50.697100,TX0767,5987,retry_payment,success,5987,3,Payment recovered successfully.
2026-08-31T14:14:50.699742,TX0769,2463,retry_payment,success,2463,3,Payment recovered successfully.
2026-08-31T14:14:50.702296,TX0770,2951,retry_payment,stopped,0,4,Maximum automatic recovery attempts reached. Further retries are stopped.
2026-08-31T14:14:50.704832,TX0773,773,retry_payment,success,773,3,Payment recovered successfully.
2026-08-31T14:14:50.707269,TX0778,9830,retry_payment,success,9830,2,Payment recovered successfully.
2026-08-31T14:14:50.709669,TX0780,4959,retry_payment,success,4959,3,Payment recovered successfully.
2026-08-31T14:14:50.711113,TX0782,5981,send_payment_reminder,reminder_sent,0,1,Payment reminder sent to customer.
2026-08-31T14:14:50.714021,TX0785,7288,retry_payment,failed,0,2,Payment retry failed.
2026-08-31T14:14:50.715461,TX0786,5774,escalate,escalated,0,3,Case escalated to human support.
2026-08-31T14:14:50.717968,TX0788,7339,retry_payment,stopped,0,4,Maximum automatic recovery attempts reached. Further retries are stopped.
2026-08-31T14:14:50.720496,TX0790,7569,retry_payment,success,7569,2,Payment recovered successfully.
2026-08-31T14:14:50.723148,TX0796,1865,retry_payment,success,1865,2,Payment recovered successfully.
2026-08-31T14:14:50.725761,TX0797,1404,retry_payment,failed,0,3,Payment retry failed.
2026-08-31T14:14:50.728521,TX0799,3640,retry_payment,success,3640,2,Payment recovered successfully.
2026-08-31T14:14:50.731369,TX0806,3684,retry_payment,success,3684,2,Payment recovered successfully.
2026-08-31T14:14:50.734056,TX0807,8594,retry_payment,success,8594,2,Payment recovered successfully.
2026-08-31T14:14:50.735588,TX0813,9444,send_payment_reminder,reminder_sent,0,1,Payment reminder sent to customer.
2026-08-31T14:14:50.738226,TX0814,641,retry_payment,success,641,2,Payment recovered successfully.
2026-08-31T14:14:50.740723,TX0815,6208,retry_payment,stopped,0,4,Maximum automatic recovery attempts reached. Further retries are stopped.
2026-08-31T14:14:50.743405,TX0817,1308,retry_payment,stopped,0,4,Maximum automatic recovery attempts reached. Further retries are stopped.
2026-08-31T14:14:50.744911,TX0821,5521,send_payment_reminder,reminder_sent,0,3,Payment reminder sent to customer.
2026-08-31T14:14:50.746320,TX0824,3847,send_payment_reminder,reminder_sent,0,2,Payment reminder sent to customer.
2026-08-31T14:14:50.747784,TX0826,1145,send_payment_reminder,reminder_sent,0,3,Payment reminder sent to customer.
2026-08-31T14:14:50.750838,TX0827,5759,retry_payment,failed,0,3,Payment retry failed.
2026-08-31T14:14:50.753709,TX0829,509,retry_payment,success,509,2,Payment recovered successfully.
2026-08-31T14:14:50.756478,TX0837,9192,retry_payment,failed,0,3,Payment retry failed.
2026-08-31T14:14:50.757785,TX0839,3421,send_payment_reminder,reminder_sent,0,2,Payment reminder sent to customer.
2026-08-31T14:14:50.760643,TX0848,1656,retry_payment,failed,0,2,Payment retry failed.
2026-08-31T14:14:50.763882,TX0853,8316,retry_payment,success,8316,2,Payment recovered successfully.
2026-08-31T14:14:50.767137,TX0860,2217,retry_payment,failed,0,2,Payment retry failed.
2026-08-31T14:14:50.770059,TX0863,210,retry_payment,failed,0,3,Payment retry failed.
2026-08-31T14:14:50.772940,TX0865,1817,retry_payment,stopped,0,4,Maximum automatic recovery attempts reached. Further retries are stopped.
2026-08-31T14:14:50.775723,TX0869,9408,retry_payment,success,9408,3,Payment recovered successfully.
2026-08-31T14:14:50.778829,TX0872,5099,retry_payment,success,5099,3,Payment recovered successfully.
2026-08-31T14:14:50.780460,TX0875,8797,send_payment_reminder,reminder_sent,0,2,Payment reminder sent to customer.
2026-08-31T14:14:50.781893,TX0876,6213,escalate,escalated,0,3,Case escalated to human support.
2026-08-31T14:14:50.784725,TX0880,9987,retry_payment,stopped,0,4,Maximum automatic recovery attempts reached. Further retries are stopped.
2026-08-31T14:14:50.785998,TX0882,5090,escalate,escalated,0,3,Case escalated to human support.
2026-08-31T14:14:50.788901,TX0885,3140,retry_payment,stopped,0,4,Maximum automatic recovery attempts reached. Further retries are stopped.
2026-08-31T14:14:50.791703,TX0886,8621,retry_payment,failed,0,2,Payment retry failed.
2026-08-31T14:14:50.792974,TX0890,1683,send_payment_reminder,reminder_sent,0,2,Payment reminder sent to customer.
2026-08-31T14:14:50.794264,TX0892,736,send_payment_reminder,reminder_sent,0,2,Payment reminder sent to customer.
2026-08-31T14:14:50.797682,TX0894,9093,retry_payment,success,9093,2,Payment recovered successfully.
2026-08-31T14:14:50.800867,TX0908,8784,retry_payment,stopped,0,4,Maximum automatic recovery attempts reached. Further retries are stopped.
2026-08-31T14:14:50.803795,TX0912,8796,retry_payment,success,8796,3,Payment recovered successfully.
2026-08-31T14:14:50.805090,TX0913,8900,escalate,escalated,0,3,Case escalated to human support.
2026-08-31T14:14:50.807701,TX0919,991,retry_payment,success,991,3,Payment recovered successfully.
2026-08-31T14:14:50.810436,TX0928,6945,retry_payment,stopped,0,4,Maximum automatic recovery attempts reached. Further retries are stopped.
2026-08-31T14:14:50.813604,TX0931,5592,retry_payment,success,5592,3,Payment recovered successfully.
2026-08-31T14:14:50.815099,TX0933,2251,send_payment_reminder,reminder_sent,0,1,Payment reminder sent to customer.
2026-08-31T14:14:50.816500,TX0935,1258,send_payment_reminder,reminder_sent,0,3,Payment reminder sent to customer.
2026-08-31T14:14:50.819236,TX0937,9492,retry_payment,success,9492,3,Payment recovered successfully.
2026-08-31T14:14:50.821917,TX0939,1072,retry_payment,stopped,0,4,Maximum automatic recovery attempts reached. Further retries are stopped.
2026-08-31T14:14:50.824807,TX0951,7131,retry_payment,success,7131,2,Payment recovered successfully.
2026-08-31T14:14:50.827680,TX0958,2331,retry_payment,failed,0,3,Payment retry failed.
2026-08-31T14:14:50.831188,TX0961,9259,retry_payment,success,9259,3,Payment recovered successfully.
2026-08-31T14:14:50.834731,TX0971,293,retry_payment,failed,0,2,Payment retry failed.
2026-08-31T14:14:50.837749,TX0983,5704,retry_payment,success,5704,3,Payment recovered successfully.
2026-08-31T14:14:50.840533,TX0984,8227,retry_payment,success,8227,3,Payment recovered successfully.
2026-08-31T14:14:50.843392,TX0989,8382,retry_payment,failed,0,2,Payment retry failed.
2026-08-31T14:14:50.844739,TX0991,2707,send_payment_reminder,reminder_sent,0,1,Payment reminder sent to customer.
2026-08-31T14:14:50.848126,TX0997,8563,retry_payment,stopped,0,4,Maximum automatic recovery attempts reached. Further retries are stopped.
2026-08-31T14:29:22.729442,TX0003,1307,retry_payment,stopped,0,4,Maximum automatic recovery attempts reached. Further retries are stopped.
2026-08-31T14:29:22.738835,TX0005,9149,retry_payment,success,9149,3,Payment recovered successfully.
2026-08-31T14:29:22.742054,TX0009,4399,send_payment_reminder,reminder_sent,0,1,Payment reminder sent to customer.
2026-08-31T14:29:22.749483,TX0013,6211,retry_payment,stopped,0,6,Maximum automatic recovery attempts reached. Further retries are stopped.
2026-08-31T14:29:22.752712,TX0014,5531,send_payment_reminder,reminder_sent,0,2,Payment reminder sent to customer.
2026-08-31T14:29:22.755706,TX0015,335,send_payment_reminder,reminder_sent,0,3,Payment reminder sent to customer.
2026-08-31T14:29:22.758596,TX0016,4852,escalate,escalated,0,3,Case escalated to human support.
2026-08-31T14:29:22.761438,TX0023,3841,send_payment_reminder,reminder_sent,0,3,Payment reminder sent to customer.
2026-08-31T14:29:22.764490,TX0028,8018,escalate,escalated,0,3,Case escalated to human support.
2026-08-31T14:29:22.767037,TX0031,7639,send_payment_reminder,reminder_sent,0,1,Payment reminder sent to customer.
2026-08-31T14:29:22.774092,TX0034,570,retry_payment,stopped,0,5,Maximum automatic recovery attempts reached. Further retries are stopped.
2026-08-31T14:29:22.777022,TX0039,4232,send_payment_reminder,reminder_sent,0,3,Payment reminder sent to customer.
2026-08-31T14:29:22.784113,TX0043,9780,retry_payment,stopped,0,5,Maximum automatic recovery attempts reached. Further retries are stopped.
2026-08-31T14:29:22.787184,TX0048,4560,escalate,escalated,0,3,Case escalated to human support.
2026-08-31T14:29:22.790218,TX0051,6175,send_payment_reminder,reminder_sent,0,1,Payment reminder sent to customer.
2026-08-31T14:29:22.797455,TX0053,9216,retry_payment,stopped,0,5,Maximum automatic recovery attempts reached. Further retries are stopped.
2026-08-31T14:29:22.805021,TX0054,2407,retry_payment,success,2407,3,Payment recovered successfully.
2026-08-31T14:29:22.811968,TX0055,3456,retry_payment,failed,0,3,Payment retry failed.
2026-08-31T14:29:22.814969,TX0060,4428,send_payment_reminder,reminder_sent,0,3,Payment reminder sent to customer.
2026-08-31T14:29:22.822790,TX0062,7884,retry_payment,failed,0,3,Payment retry failed.
2026-08-31T14:29:22.825819,TX0072,7214,send_payment_reminder,reminder_sent,0,2,Payment reminder sent to customer.
2026-08-31T14:29:22.829965,TX0073,8792,send_payment_reminder,reminder_sent,0,1,Payment reminder sent to customer.
2026-08-31T14:29:22.840201,TX0076,2611,retry_payment,success,2611,3,Payment recovered successfully.
2026-08-31T14:29:22.844660,TX0081,8043,send_payment_reminder,reminder_sent,0,3,Payment reminder sent to customer.
2026-08-31T14:29:22.854807,TX0083,3457,retry_payment,stopped,0,5,Maximum automatic recovery attempts reached. Further retries are stopped.
2026-08-31T14:29:22.865055,TX0090,689,retry_payment,stopped,0,4,Maximum automatic recovery attempts reached. Further retries are stopped.
2026-08-31T14:29:22.875381,TX0097,5012,retry_payment,stopped,0,4,Maximum automatic recovery attempts reached. Further retries are stopped.
2026-08-31T14:29:22.880403,TX0102,4554,send_payment_reminder,reminder_sent,0,3,Payment reminder sent to customer.
2026-08-31T14:29:22.883911,TX0104,6247,send_payment_reminder,reminder_sent,0,1,Payment reminder sent to customer.
2026-08-31T14:29:22.889775,TX0111,667,retry_payment,stopped,0,4,Maximum automatic recovery attempts reached. Further retries are stopped.
2026-08-31T14:29:22.897495,TX0114,7261,retry_payment,failed,0,3,Payment retry failed.
2026-08-31T14:29:22.905141,TX0118,9482,retry_payment,stopped,0,5,Maximum automatic recovery attempts reached. Further retries are stopped.
2026-08-31T14:29:22.912423,TX0126,7570,retry_payment,stopped,0,5,Maximum automatic recovery attempts reached. Further retries are stopped.
2026-08-31T14:29:22.919801,TX0129,6782,retry_payment,stopped,0,4,Maximum automatic recovery attempts reached. Further retries are stopped.
2026-08-31T14:29:22.922914,TX0132,4469,send_payment_reminder,reminder_sent,0,2,Payment reminder sent to customer.
2026-08-31T14:29:22.925935,TX0138,1143,send_payment_reminder,reminder_sent,0,3,Payment reminder sent to customer.
2026-08-31T14:29:22.933526,TX0148,3594,retry_payment,failed,0,3,Payment retry failed.
2026-08-31T14:29:22.940649,TX0164,9211,retry_payment,stopped,0,5,Maximum automatic recovery attempts reached. Further retries are stopped.
2026-08-31T14:29:22.948209,TX0166,5908,retry_payment,success,5908,3,Payment recovered successfully.
2026-08-31T14:29:22.955817,TX0169,204,retry_payment,stopped,0,4,Maximum automatic recovery attempts reached. Further retries are stopped.
2026-08-31T14:29:22.963520,TX0172,9038,retry_payment,stopped,0,4,Maximum automatic recovery attempts reached. Further retries are stopped.
2026-08-31T14:29:22.966728,TX0177,9753,send_payment_reminder,reminder_sent,0,1,Payment reminder sent to customer.
2026-08-31T14:29:22.974082,TX0180,1186,retry_payment,success,1186,3,Payment recovered successfully.
2026-08-31T14:29:22.981954,TX0184,7207,retry_payment,stopped,0,4,Maximum automatic recovery attempts reached. Further retries are stopped.
2026-08-31T14:29:22.993172,TX0189,9631,retry_payment,success,9631,3,Payment recovered successfully.
2026-08-31T14:29:23.003162,TX0190,2877,retry_payment,stopped,0,4,Maximum automatic recovery attempts reached. Further retries are stopped.
2026-08-31T14:29:23.012847,TX0198,9547,retry_payment,stopped,0,4,Maximum automatic recovery attempts reached. Further retries are stopped.
2026-08-31T14:29:23.023035,TX0202,8293,retry_payment,stopped,0,4,Maximum automatic recovery attempts reached. Further retries are stopped.
2026-08-31T14:29:23.027337,TX0204,8192,send_payment_reminder,reminder_sent,0,1,Payment reminder sent to customer.
2026-08-31T14:29:23.036023,TX0207,8855,retry_payment,stopped,0,5,Maximum automatic recovery attempts reached. Further retries are stopped.
2026-08-31T14:29:23.043518,TX0208,5308,retry_payment,stopped,0,4,Maximum automatic recovery attempts reached. Further retries are stopped.
2026-08-31T14:29:23.050602,TX0211,2524,retry_payment,success,2524,3,Payment recovered successfully.
2026-08-31T14:29:23.057942,TX0212,9438,retry_payment,stopped,0,4,Maximum automatic recovery attempts reached. Further retries are stopped.
2026-08-31T14:29:23.061021,TX0214,1732,send_payment_reminder,reminder_sent,0,3,Payment reminder sent to customer.
2026-08-31T14:29:23.064097,TX0216,3015,send_payment_reminder,reminder_sent,0,1,Payment reminder sent to customer.
2026-08-31T14:29:23.067208,TX0227,2045,escalate,escalated,0,3,Case escalated to human support.
2026-08-31T14:29:23.073844,TX0228,6765,retry_payment,stopped,0,4,Maximum automatic recovery attempts reached. Further retries are stopped.
2026-08-31T14:29:23.080688,TX0230,1544,retry_payment,stopped,0,4,Maximum automatic recovery attempts reached. Further retries are stopped.
2026-08-31T14:29:23.087967,TX0231,795,retry_payment,stopped,0,4,Maximum automatic recovery attempts reached. Further retries are stopped.
2026-08-31T14:29:23.095329,TX0232,7988,retry_payment,stopped,0,4,Maximum automatic recovery attempts reached. Further retries are stopped.
2026-08-31T14:29:23.102035,TX0234,3516,retry_payment,stopped,0,4,Maximum automatic recovery attempts reached. Further retries are stopped.
2026-08-31T14:29:23.109787,TX0236,1279,retry_payment,success,1279,3,Payment recovered successfully.
2026-08-31T14:29:23.117054,TX0238,2208,retry_payment,stopped,0,4,Maximum automatic recovery attempts reached. Further retries are stopped.
2026-08-31T14:29:23.120109,TX0241,1669,send_payment_reminder,reminder_sent,0,1,Payment reminder sent to customer.
2026-08-31T14:29:23.123273,TX0242,5426,send_payment_reminder,reminder_sent,0,3,Payment reminder sent to customer.
2026-08-31T14:29:23.130383,TX0243,6092,retry_payment,failed,0,3,Payment retry failed.
2026-08-31T14:29:23.137630,TX0245,5028,retry_payment,stopped,0,5,Maximum automatic recovery attempts reached. Further retries are stopped.
2026-08-31T14:29:23.144219,TX0246,9165,retry_payment,stopped,0,4,Maximum automatic recovery attempts reached. Further retries are stopped.
2026-08-31T14:29:23.150833,TX0248,5496,retry_payment,stopped,0,4,Maximum automatic recovery attempts reached. Further retries are stopped.
2026-08-31T14:29:23.157441,TX0258,9000,retry_payment,failed,0,3,Payment retry failed.
2026-08-31T14:29:23.164639,TX0260,8100,retry_payment,stopped,0,4,Maximum automatic recovery attempts reached. Further retries are stopped.
2026-08-31T14:29:23.171631,TX0261,9509,retry_payment,success,9509,3,Payment recovered successfully.
2026-08-31T14:29:23.179006,TX0273,8163,retry_payment,stopped,0,4,Maximum automatic recovery attempts reached. Further retries are stopped.
2026-08-31T14:29:23.187306,TX0274,5938,retry_payment,stopped,0,4,Maximum automatic recovery attempts reached. Further retries are stopped.
2026-08-31T14:29:23.197987,TX0280,6831,retry_payment,stopped,0,5,Maximum automatic recovery attempts reached. Further retries are stopped.
2026-08-31T14:29:23.208237,TX0281,8458,retry_payment,success,8458,3,Payment recovered successfully.
2026-08-31T14:29:23.218270,TX0284,3654,retry_payment,stopped,0,4,Maximum automatic recovery attempts reached. Further retries are stopped.
2026-08-31T14:29:23.227541,TX0293,3752,retry_payment,stopped,0,5,Maximum automatic recovery attempts reached. Further retries are stopped.
2026-08-31T14:29:23.236986,TX0296,7608,retry_payment,success,7608,3,Payment recovered successfully.
2026-08-31T14:29:23.240027,TX0298,3572,send_payment_reminder,reminder_sent,0,1,Payment reminder sent to customer.
2026-08-31T14:29:23.242744,TX0301,6892,escalate,escalated,0,3,Case escalated to human support.
2026-08-31T14:29:23.244966,TX0310,1366,send_payment_reminder,reminder_sent,0,1,Payment reminder sent to customer.
2026-08-31T14:29:23.247713,TX0315,6054,escalate,escalated,0,3,Case escalated to human support.
2026-08-31T14:29:23.255390,TX0323,1294,retry_payment,stopped,0,4,Maximum automatic recovery attempts reached. Further retries are stopped.
2026-08-31T14:29:23.262802,TX0327,5998,retry_payment,stopped,0,4,Maximum automatic recovery attempts reached. Further retries are stopped.
2026-08-31T14:29:23.271270,TX0336,2473,retry_payment,stopped,0,5,Maximum automatic recovery attempts reached. Further retries are stopped.
2026-08-31T14:29:23.279093,TX0339,2678,retry_payment,success,2678,3,Payment recovered successfully.
2026-08-31T14:29:23.286834,TX0340,7932,retry_payment,stopped,0,4,Maximum automatic recovery attempts reached. Further retries are stopped.
2026-08-31T14:29:23.294997,TX0342,6607,retry_payment,stopped,0,4,Maximum automatic recovery attempts reached. Further retries are stopped.
2026-08-31T14:29:23.303244,TX0350,285,retry_payment,failed,0,3,Payment retry failed.
2026-08-31T14:29:23.306516,TX0354,2047,send_payment_reminder,reminder_sent,0,1,Payment reminder sent to customer.
2026-08-31T14:29:23.309423,TX0368,9912,send_payment_reminder,reminder_sent,0,1,Payment reminder sent to customer.
2026-08-31T14:29:23.316365,TX0374,636,retry_payment,failed,0,3,Payment retry failed.
2026-08-31T14:29:23.324921,TX0384,3271,retry_payment,stopped,0,5,Maximum automatic recovery attempts reached. Further retries are stopped.
2026-08-31T14:29:23.327957,TX0387,693,send_payment_reminder,reminder_sent,0,3,Payment reminder sent to customer.
2026-08-31T14:29:23.334977,TX0392,5393,retry_payment,stopped,0,4,Maximum automatic recovery attempts reached. Further retries are stopped.
2026-08-31T14:29:23.346020,TX0394,9199,retry_payment,stopped,0,4,Maximum automatic recovery attempts reached. Further retries are stopped.
2026-08-31T14:29:23.355733,TX0396,489,retry_payment,success,489,3,Payment recovered successfully.
2026-08-31T14:29:23.360353,TX0400,6343,escalate,escalated,0,3,Case escalated to human support.
2026-08-31T14:29:23.371144,TX0401,1276,retry_payment,stopped,0,4,Maximum automatic recovery attempts reached. Further retries are stopped.
2026-08-31T14:29:23.375014,TX0405,5780,send_payment_reminder,reminder_sent,0,1,Payment reminder sent to customer.
2026-08-31T14:29:23.382561,TX0408,1325,retry_payment,failed,0,3,Payment retry failed.
2026-08-31T14:29:23.389557,TX0416,4013,retry_payment,failed,0,3,Payment retry failed.
2026-08-31T14:29:23.396793,TX0417,7279,retry_payment,stopped,0,4,Maximum automatic recovery attempts reached. Further retries are stopped.
2026-08-31T14:29:23.404323,TX0418,1013,retry_payment,stopped,0,4,Maximum automatic recovery attempts reached. Further retries are stopped.
2026-08-31T14:29:23.407489,TX0428,1981,send_payment_reminder,reminder_sent,0,1,Payment reminder sent to customer.
2026-08-31T14:29:23.414387,TX0429,8955,retry_payment,stopped,0,5,Maximum automatic recovery attempts reached. Further retries are stopped.
2026-08-31T14:29:23.417749,TX0435,2253,send_payment_reminder,reminder_sent,0,1,Payment reminder sent to customer.
2026-08-31T14:29:23.420888,TX0438,5305,escalate,escalated,0,3,Case escalated to human support.
2026-08-31T14:29:23.425337,TX0440,3787,send_payment_reminder,reminder_sent,0,1,Payment reminder sent to customer.
2026-08-31T14:29:23.437097,TX0441,4238,retry_payment,success,4238,3,Payment recovered successfully.
2026-08-31T14:29:23.442227,TX0442,931,send_payment_reminder,reminder_sent,0,2,Payment reminder sent to customer.
2026-08-31T14:29:23.446914,TX0444,2835,escalate,escalated,0,3,Case escalated to human support.
2026-08-31T14:29:23.450992,TX0446,9395,send_payment_reminder,reminder_sent,0,1,Payment reminder sent to customer.
2026-08-31T14:29:23.455079,TX0447,1922,escalate,escalated,0,3,Case escalated to human support.
2026-08-31T14:29:23.458308,TX0448,6307,escalate,escalated,0,3,Case escalated to human support.
2026-08-31T14:29:23.465812,TX0450,323,retry_payment,stopped,0,5,Maximum automatic recovery attempts reached. Further retries are stopped.
2026-08-31T14:29:23.472959,TX0457,3220,retry_payment,stopped,0,4,Maximum automatic recovery attempts reached. Further retries are stopped.
2026-08-31T14:29:23.476083,TX0462,7407,send_payment_reminder,reminder_sent,0,1,Payment reminder sent to customer.
2026-08-31T14:29:23.483208,TX0463,421,retry_payment,stopped,0,4,Maximum automatic recovery attempts reached. Further retries are stopped.
2026-08-31T14:29:23.490763,TX0466,5239,retry_payment,success,5239,3,Payment recovered successfully.
2026-08-31T14:29:23.499449,TX0471,8362,retry_payment,stopped,0,4,Maximum automatic recovery attempts reached. Further retries are stopped.
2026-08-31T14:29:23.508816,TX0472,6309,retry_payment,failed,0,3,Payment retry failed.
2026-08-31T14:29:23.515846,TX0473,3592,retry_payment,stopped,0,4,Maximum automatic recovery attempts reached. Further retries are stopped.
2026-08-31T14:29:23.519099,TX0479,1237,send_payment_reminder,reminder_sent,0,1,Payment reminder sent to customer.
2026-08-31T14:29:23.526476,TX0481,1894,retry_payment,stopped,0,4,Maximum automatic recovery attempts reached. Further retries are stopped.
2026-08-31T14:29:23.530427,TX0482,9477,send_payment_reminder,reminder_sent,0,3,Payment reminder sent to customer.
2026-08-31T14:29:23.535190,TX0488,1247,send_payment_reminder,reminder_sent,0,1,Payment reminder sent to customer.
2026-08-31T14:29:23.546407,TX0491,1779,retry_payment,stopped,0,4,Maximum automatic recovery attempts reached. Further retries are stopped.
2026-08-31T14:29:23.556361,TX0493,3554,retry_payment,stopped,0,4,Maximum automatic recovery attempts reached. Further retries are stopped.
2026-08-31T14:29:23.561125,TX0501,4590,send_payment_reminder,reminder_sent,0,3,Payment reminder sent to customer.
2026-08-31T14:29:23.572046,TX0508,1643,retry_payment,stopped,0,5,Maximum automatic recovery attempts reached. Further retries are stopped.
2026-08-31T14:29:23.583577,TX0513,1913,retry_payment,stopped,0,5,Maximum automatic recovery attempts reached. Further retries are stopped.
2026-08-31T14:29:23.591452,TX0518,3773,retry_payment,success,3773,3,Payment recovered successfully.
2026-08-31T14:29:23.598740,TX0525,4027,retry_payment,failed,0,3,Payment retry failed.
2026-08-31T14:29:23.609127,TX0527,5649,retry_payment,stopped,0,4,Maximum automatic recovery attempts reached. Further retries are stopped.
2026-08-31T14:29:23.621552,TX0532,1778,retry_payment,failed,0,3,Payment retry failed.
2026-08-31T14:29:23.631369,TX0535,5353,retry_payment,stopped,0,4,Maximum automatic recovery attempts reached. Further retries are stopped.
2026-08-31T14:29:23.636604,TX0537,8304,send_payment_reminder,reminder_sent,0,2,Payment reminder sent to customer.
2026-08-31T14:29:23.649374,TX0539,1311,retry_payment,success,1311,3,Payment recovered successfully.
2026-08-31T14:29:23.654533,TX0544,2159,send_payment_reminder,reminder_sent,0,1,Payment reminder sent to customer.
2026-08-31T14:29:23.665057,TX0547,7267,retry_payment,stopped,0,4,Maximum automatic recovery attempts reached. Further retries are stopped.
2026-08-31T14:29:23.675257,TX0549,3327,retry_payment,stopped,0,4,Maximum automatic recovery attempts reached. Further retries are stopped.
2026-08-31T14:29:23.687922,TX0550,9921,retry_payment,stopped,0,5,Maximum automatic recovery attempts reached. Further retries are stopped.
2026-08-31T14:29:23.700213,TX0556,7500,retry_payment,stopped,0,5,Maximum automatic recovery attempts reached. Further retries are stopped.
2026-08-31T14:29:23.712902,TX0562,862,retry_payment,stopped,0,4,Maximum automatic recovery attempts reached. Further retries are stopped.
2026-08-31T14:29:23.725365,TX0565,9584,retry_payment,success,9584,3,Payment recovered successfully.
2026-08-31T14:29:23.730316,TX0567,2632,escalate,escalated,0,3,Case escalated to human support.
2026-08-31T14:29:23.739442,TX0568,4965,retry_payment,failed,0,3,Payment retry failed.
2026-08-31T14:29:23.745082,TX0569,1727,retry_payment,stopped,0,5,Maximum automatic recovery attempts reached. Further retries are stopped.
2026-08-31T14:29:23.750790,TX0574,8414,retry_payment,success,8414,3,Payment recovered successfully.
2026-08-31T14:29:23.757681,TX0578,2552,retry_payment,stopped,0,5,Maximum automatic recovery attempts reached. Further retries are stopped.
2026-08-31T14:29:23.765413,TX0580,9997,retry_payment,stopped,0,5,Maximum automatic recovery attempts reached. Further retries are stopped.
2026-08-31T14:29:23.768603,TX0582,5791,send_payment_reminder,reminder_sent,0,3,Payment reminder sent to customer.
2026-08-31T14:29:23.777072,TX0585,7675,retry_payment,stopped,0,4,Maximum automatic recovery attempts reached. Further retries are stopped.
2026-08-31T14:29:23.785579,TX0586,1592,retry_payment,stopped,0,5,Maximum automatic recovery attempts reached. Further retries are stopped.
2026-08-31T14:29:23.789308,TX0590,996,escalate,escalated,0,3,Case escalated to human support.
2026-08-31T14:29:23.799778,TX0593,6642,retry_payment,stopped,0,5,Maximum automatic recovery attempts reached. Further retries are stopped.
2026-08-31T14:29:23.810381,TX0596,4967,retry_payment,stopped,0,4,Maximum automatic recovery attempts reached. Further retries are stopped.
2026-08-31T14:29:23.819998,TX0597,2959,retry_payment,stopped,0,4,Maximum automatic recovery attempts reached. Further retries are stopped.
2026-08-31T14:29:23.824016,TX0606,7411,send_payment_reminder,reminder_sent,0,3,Payment reminder sent to customer.
2026-08-31T14:29:23.827485,TX0607,6370,escalate,escalated,0,3,Case escalated to human support.
2026-08-31T14:29:23.831311,TX0612,1099,send_payment_reminder,reminder_sent,0,3,Payment reminder sent to customer.
2026-08-31T14:29:23.841464,TX0617,3417,retry_payment,success,3417,3,Payment recovered successfully.
2026-08-31T14:29:23.850858,TX0628,8582,retry_payment,success,8582,3,Payment recovered successfully.
2026-08-31T14:29:23.855406,TX0629,9885,send_payment_reminder,reminder_sent,0,3,Payment reminder sent to customer.
2026-08-31T14:29:23.867640,TX0640,5280,retry_payment,stopped,0,4,Maximum automatic recovery attempts reached. Further retries are stopped.
2026-08-31T14:29:23.881466,TX0641,4566,retry_payment,failed,0,3,Payment retry failed.
2026-08-31T14:29:23.895346,TX0645,2622,retry_payment,stopped,0,4,Maximum automatic recovery attempts reached. Further retries are stopped.
2026-08-31T14:29:23.907891,TX0646,8540,retry_payment,stopped,0,4,Maximum automatic recovery attempts reached. Further retries are stopped.
2026-08-31T14:29:23.920868,TX0650,3703,retry_payment,stopped,0,4,Maximum automatic recovery attempts reached. Further retries are stopped.
2026-08-31T14:29:23.933286,TX0652,9977,retry_payment,failed,0,3,Payment retry failed.
2026-08-31T14:29:23.945701,TX0654,9503,retry_payment,stopped,0,4,Maximum automatic recovery attempts reached. Further retries are stopped.
2026-08-31T14:29:23.950569,TX0656,1947,send_payment_reminder,reminder_sent,0,3,Payment reminder sent to customer.
2026-08-31T14:29:23.959130,TX0659,1626,retry_payment,stopped,0,5,Maximum automatic recovery attempts reached. Further retries are stopped.
2026-08-31T14:29:23.966342,TX0662,6966,retry_payment,failed,0,3,Payment retry failed.
2026-08-31T14:29:23.969875,TX0663,4693,send_payment_reminder,reminder_sent,0,2,Payment reminder sent to customer.
2026-08-31T14:29:23.972914,TX0678,1854,escalate,escalated,0,3,Case escalated to human support.
2026-08-31T14:29:23.979747,TX0679,7134,retry_payment,stopped,0,4,Maximum automatic recovery attempts reached. Further retries are stopped.
2026-08-31T14:29:23.982838,TX0681,4486,escalate,escalated,0,3,Case escalated to human support.
2026-08-31T14:29:23.990989,TX0682,9498,retry_payment,stopped,0,5,Maximum automatic recovery attempts reached. Further retries are stopped.
2026-08-31T14:29:23.999350,TX0684,8585,retry_payment,stopped,0,4,Maximum automatic recovery attempts reached. Further retries are stopped.
2026-08-31T14:29:24.010120,TX0687,9956,retry_payment,stopped,0,5,Maximum automatic recovery attempts reached. Further retries are stopped.
2026-08-31T14:29:24.024190,TX0693,4547,retry_payment,stopped,0,4,Maximum automatic recovery attempts reached. Further retries are stopped.
2026-08-31T14:29:24.037472,TX0702,8126,retry_payment,stopped,0,4,Maximum automatic recovery attempts reached. Further retries are stopped.
2026-08-31T14:29:24.042918,TX0707,537,send_payment_reminder,reminder_sent,0,3,Payment reminder sent to customer.
2026-08-31T14:29:24.056463,TX0712,1754,retry_payment,stopped,0,5,Maximum automatic recovery attempts reached. Further retries are stopped.
2026-08-31T14:29:24.066421,TX0713,1499,retry_payment,stopped,0,4,Maximum automatic recovery attempts reached. Further retries are stopped.
2026-08-31T14:29:24.075865,TX0715,9224,retry_payment,stopped,0,4,Maximum automatic recovery attempts reached. Further retries are stopped.
2026-08-31T14:29:24.084290,TX0716,5743,retry_payment,stopped,0,4,Maximum automatic recovery attempts reached. Further retries are stopped.
2026-08-31T14:29:24.093274,TX0720,3882,retry_payment,stopped,0,4,Maximum automatic recovery attempts reached. Further retries are stopped.
2026-08-31T14:29:24.096274,TX0721,6953,send_payment_reminder,reminder_sent,0,2,Payment reminder sent to customer.
2026-08-31T14:29:24.104741,TX0724,9544,retry_payment,success,9544,3,Payment recovered successfully.
2026-08-31T14:29:24.113181,TX0726,3743,retry_payment,failed,0,3,Payment retry failed.
2026-08-31T14:29:24.121333,TX0730,6945,retry_payment,failed,0,3,Payment retry failed.
2026-08-31T14:29:24.125016,TX0733,5855,send_payment_reminder,reminder_sent,0,3,Payment reminder sent to customer.
2026-08-31T14:29:24.133208,TX0734,7230,retry_payment,failed,0,3,Payment retry failed.
2026-08-31T14:29:24.141539,TX0736,9482,retry_payment,failed,0,3,Payment retry failed.
2026-08-31T14:29:24.149519,TX0737,5711,retry_payment,stopped,0,5,Maximum automatic recovery attempts reached. Further retries are stopped.
2026-08-31T14:29:24.157981,TX0738,894,retry_payment,success,894,3,Payment recovered successfully.
2026-08-31T14:29:24.166327,TX0740,4322,retry_payment,stopped,0,5,Maximum automatic recovery attempts reached. Further retries are stopped.
2026-08-31T14:29:24.169368,TX0743,1646,send_payment_reminder,reminder_sent,0,1,Payment reminder sent to customer.
2026-08-31T14:29:24.177530,TX0751,5701,retry_payment,stopped,0,5,Maximum automatic recovery attempts reached. Further retries are stopped.
2026-08-31T14:29:24.186114,TX0752,9773,retry_payment,success,9773,3,Payment recovered successfully.
2026-08-31T14:29:24.189154,TX0753,1774,send_payment_reminder,reminder_sent,0,3,Payment reminder sent to customer.
2026-08-31T14:29:24.196818,TX0756,9319,retry_payment,stopped,0,4,Maximum automatic recovery attempts reached. Further retries are stopped.
2026-08-31T14:29:24.205034,TX0759,1637,retry_payment,success,1637,3,Payment recovered successfully.
2026-08-31T14:29:24.215969,TX0767,5987,retry_payment,stopped,0,4,Maximum automatic recovery attempts reached. Further retries are stopped.
2026-08-31T14:29:24.224798,TX0769,2463,retry_payment,stopped,0,4,Maximum automatic recovery attempts reached. Further retries are stopped.
2026-08-31T14:29:24.233445,TX0770,2951,retry_payment,stopped,0,5,Maximum automatic recovery attempts reached. Further retries are stopped.
2026-08-31T14:29:24.246255,TX0773,773,retry_payment,stopped,0,4,Maximum automatic recovery attempts reached. Further retries are stopped.
2026-08-31T14:29:24.254735,TX0778,9830,retry_payment,success,9830,3,Payment recovered successfully.
2026-08-31T14:29:24.260663,TX0780,4959,retry_payment,stopped,0,4,Maximum automatic recovery attempts reached. Further retries are stopped.
2026-08-31T14:29:24.263655,TX0782,5981,send_payment_reminder,reminder_sent,0,1,Payment reminder sent to customer.
2026-08-31T14:29:24.270895,TX0785,7288,retry_payment,failed,0,3,Payment retry failed.
2026-08-31T14:29:24.275414,TX0786,5774,escalate,escalated,0,3,Case escalated to human support.
2026-08-31T14:29:24.286734,TX0788,7339,retry_payment,stopped,0,5,Maximum automatic recovery attempts reached. Further retries are stopped.
2026-08-31T14:29:24.295870,TX0790,7569,retry_payment,success,7569,3,Payment recovered successfully.
2026-08-31T14:29:24.304056,TX0796,1865,retry_payment,success,1865,3,Payment recovered successfully.
2026-08-31T14:29:24.312372,TX0797,1404,retry_payment,stopped,0,4,Maximum automatic recovery attempts reached. Further retries are stopped.
2026-08-31T14:29:24.321530,TX0799,3640,retry_payment,success,3640,3,Payment recovered successfully.
2026-08-31T14:29:24.329496,TX0806,3684,retry_payment,success,3684,3,Payment recovered successfully.
2026-08-31T14:29:24.338534,TX0807,8594,retry_payment,success,8594,3,Payment recovered successfully.
2026-08-31T14:29:24.341845,TX0813,9444,send_payment_reminder,reminder_sent,0,1,Payment reminder sent to customer.
2026-08-31T14:29:24.349927,TX0814,641,retry_payment,success,641,3,Payment recovered successfully.
2026-08-31T14:29:24.358462,TX0815,6208,retry_payment,stopped,0,5,Maximum automatic recovery attempts reached. Further retries are stopped.
2026-08-31T14:29:24.366343,TX0817,1308,retry_payment,stopped,0,5,Maximum automatic recovery attempts reached. Further retries are stopped.
2026-08-31T14:29:24.369434,TX0821,5521,send_payment_reminder,reminder_sent,0,3,Payment reminder sent to customer.
2026-08-31T14:29:24.372610,TX0824,3847,send_payment_reminder,reminder_sent,0,2,Payment reminder sent to customer.
2026-08-31T14:29:24.375428,TX0826,1145,send_payment_reminder,reminder_sent,0,3,Payment reminder sent to customer.
2026-08-31T14:29:24.382968,TX0827,5759,retry_payment,stopped,0,4,Maximum automatic recovery attempts reached. Further retries are stopped.
2026-08-31T14:29:24.391221,TX0829,509,retry_payment,success,509,3,Payment recovered successfully.
2026-08-31T14:29:24.399429,TX0837,9192,retry_payment,stopped,0,4,Maximum automatic recovery attempts reached. Further retries are stopped.
2026-08-31T14:29:24.403099,TX0839,3421,send_payment_reminder,reminder_sent,0,2,Payment reminder sent to customer.
2026-08-31T14:29:24.410691,TX0848,1656,retry_payment,failed,0,3,Payment retry failed.
2026-08-31T14:29:24.418346,TX0853,8316,retry_payment,success,8316,3,Payment recovered successfully.
2026-08-31T14:29:24.426510,TX0860,2217,retry_payment,failed,0,3,Payment retry failed.
2026-08-31T14:29:24.434706,TX0863,210,retry_payment,stopped,0,4,Maximum automatic recovery attempts reached. Further retries are stopped.
2026-08-31T14:29:24.443020,TX0865,1817,retry_payment,stopped,0,5,Maximum automatic recovery attempts reached. Further retries are stopped.
2026-08-31T14:29:24.451349,TX0869,9408,retry_payment,stopped,0,4,Maximum automatic recovery attempts reached. Further retries are stopped.
2026-08-31T14:29:24.459590,TX0872,5099,retry_payment,stopped,0,4,Maximum automatic recovery attempts reached. Further retries are stopped.
2026-08-31T14:29:24.462542,TX0875,8797,send_payment_reminder,reminder_sent,0,2,Payment reminder sent to customer.
2026-08-31T14:29:24.465474,TX0876,6213,escalate,escalated,0,3,Case escalated to human support.
2026-08-31T14:29:24.473763,TX0880,9987,retry_payment,stopped,0,5,Maximum automatic recovery attempts reached. Further retries are stopped.
2026-08-31T14:29:24.476734,TX0882,5090,escalate,escalated,0,3,Case escalated to human support.
2026-08-31T14:29:24.485196,TX0885,3140,retry_payment,stopped,0,5,Maximum automatic recovery attempts reached. Further retries are stopped.
2026-08-31T14:29:24.493189,TX0886,8621,retry_payment,failed,0,3,Payment retry failed.
2026-08-31T14:29:24.496359,TX0890,1683,send_payment_reminder,reminder_sent,0,2,Payment reminder sent to customer.
2026-08-31T14:29:24.498966,TX0892,736,send_payment_reminder,reminder_sent,0,2,Payment reminder sent to customer.
2026-08-31T14:29:24.508650,TX0894,9093,retry_payment,success,9093,3,Payment recovered successfully.
2026-08-31T14:29:24.517103,TX0908,8784,retry_payment,stopped,0,5,Maximum automatic recovery attempts reached. Further retries are stopped.
2026-08-31T14:29:24.528063,TX0912,8796,retry_payment,stopped,0,4,Maximum automatic recovery attempts reached. Further retries are stopped.
2026-08-31T14:29:24.533242,TX0913,8900,escalate,escalated,0,3,Case escalated to human support.
2026-08-31T14:29:24.544537,TX0919,991,retry_payment,stopped,0,4,Maximum automatic recovery attempts reached. Further retries are stopped.
2026-08-31T14:29:24.553751,TX0928,6945,retry_payment,stopped,0,5,Maximum automatic recovery attempts reached. Further retries are stopped.
2026-08-31T14:29:24.562923,TX0931,5592,retry_payment,stopped,0,4,Maximum automatic recovery attempts reached. Further retries are stopped.
2026-08-31T14:29:24.566335,TX0933,2251,send_payment_reminder,reminder_sent,0,1,Payment reminder sent to customer.
2026-08-31T14:29:24.569707,TX0935,1258,send_payment_reminder,reminder_sent,0,3,Payment reminder sent to customer.
2026-08-31T14:29:24.579081,TX0937,9492,retry_payment,stopped,0,4,Maximum automatic recovery attempts reached. Further retries are stopped.
2026-08-31T14:29:24.587847,TX0939,1072,retry_payment,stopped,0,5,Maximum automatic recovery attempts reached. Further retries are stopped.
2026-08-31T14:29:24.596824,TX0951,7131,retry_payment,success,7131,3,Payment recovered successfully.
2026-08-31T14:29:24.605886,TX0958,2331,retry_payment,stopped,0,4,Maximum automatic recovery attempts reached. Further retries are stopped.
2026-08-31T14:29:24.614753,TX0961,9259,retry_payment,stopped,0,4,Maximum automatic recovery attempts reached. Further retries are stopped.
2026-08-31T14:29:24.623698,TX0971,293,retry_payment,failed,0,3,Payment retry failed.
2026-08-31T14:29:24.632673,TX0983,5704,retry_payment,stopped,0,4,Maximum automatic recovery attempts reached. Further retries are stopped.
2026-08-31T14:29:24.641243,TX0984,8227,retry_payment,stopped,0,4,Maximum automatic recovery attempts reached. Further retries are stopped.
2026-08-31T14:29:24.649485,TX0989,8382,retry_payment,failed,0,3,Payment retry failed.
2026-08-31T14:29:24.652400,TX0991,2707,send_payment_reminder,reminder_sent,0,1,Payment reminder sent to customer.
2026-08-31T14:29:24.660637,TX0997,8563,retry_payment,stopped,0,5,Maximum automatic recovery attempts reached. Further retries are stopped.
2026-08-31T15:21:45.348469,TX0083,3457,escalate,escalated,0,3,Case escalated to human support. Automatic recovery has been stopped.
2026-08-31T15:22:30.287803,TX0009,4399,send_payment_reminder,reminder_sent,0,1,Payment reminder sent to customer.
2026-08-31T15:22:30.296493,TX0013,6211,retry_payment,stopped,0,7,Maximum automatic recovery attempts reached. Further retries are stopped and the case requires escalation.
2026-08-31T15:22:30.300452,TX0014,5531,send_payment_reminder,reminder_sent,0,2,Payment reminder sent to customer.
2026-08-31T15:22:30.304239,TX0015,335,send_payment_reminder,reminder_sent,0,3,Payment reminder sent to customer.
2026-08-31T15:22:30.308367,TX0016,4852,escalate,escalated,0,3,Case escalated to human support. Automatic recovery has been stopped.
2026-08-31T15:22:30.312550,TX0023,3841,send_payment_reminder,reminder_sent,0,3,Payment reminder sent to customer.
2026-08-31T15:22:30.316318,TX0028,8018,escalate,escalated,0,3,Case escalated to human support. Automatic recovery has been stopped.
2026-08-31T15:22:30.320105,TX0031,7639,send_payment_reminder,reminder_sent,0,1,Payment reminder sent to customer.
2026-08-31T15:22:30.323839,TX0034,570,escalate,escalated,0,3,Case escalated to human support. Automatic recovery has been stopped.
2026-08-31T15:22:30.327906,TX0039,4232,send_payment_reminder,reminder_sent,0,3,Payment reminder sent to customer.
2026-08-31T15:22:30.331981,TX0043,9780,escalate,escalated,0,3,Case escalated to human support. Automatic recovery has been stopped.
2026-08-31T15:22:30.335683,TX0048,4560,escalate,escalated,0,3,Case escalated to human support. Automatic recovery has been stopped.
2026-08-31T15:22:30.339354,TX0051,6175,send_payment_reminder,reminder_sent,0,1,Payment reminder sent to customer.
2026-08-31T15:22:30.343980,TX0053,9216,escalate,escalated,0,3,Case escalated to human support. Automatic recovery has been stopped.
2026-08-31T15:22:30.354146,TX0055,3456,retry_payment,stopped,0,4,Maximum automatic recovery attempts reached. Further retries are stopped and the case requires escalation.
2026-08-31T15:22:30.358494,TX0060,4428,send_payment_reminder,reminder_sent,0,3,Payment reminder sent to customer.
2026-08-31T15:22:30.366977,TX0062,7884,retry_payment,stopped,0,4,Maximum automatic recovery attempts reached. Further retries are stopped and the case requires escalation.
2026-08-31T15:22:30.371011,TX0072,7214,send_payment_reminder,reminder_sent,0,2,Payment reminder sent to customer.
2026-08-31T15:22:30.375280,TX0073,8792,send_payment_reminder,reminder_sent,0,1,Payment reminder sent to customer.
2026-08-31T15:22:30.381465,TX0081,8043,send_payment_reminder,reminder_sent,0,3,Payment reminder sent to customer.
2026-08-31T15:22:30.385307,TX0083,3457,escalate,escalated,0,3,Case escalated to human support. Automatic recovery has been stopped.
2026-08-31T15:22:30.393454,TX0090,689,retry_payment,stopped,0,5,Maximum automatic recovery attempts reached. Further retries are stopped and the case requires escalation.
2026-08-31T15:22:30.399696,TX0102,4554,send_payment_reminder,reminder_sent,0,3,Payment reminder sent to customer.
2026-08-31T15:22:30.403474,TX0104,6247,send_payment_reminder,reminder_sent,0,1,Payment reminder sent to customer.
2026-08-31T15:22:30.413110,TX0114,7261,retry_payment,stopped,0,4,Maximum automatic recovery attempts reached. Further retries are stopped and the case requires escalation.
2026-08-31T15:22:30.416663,TX0118,9482,escalate,escalated,0,3,Case escalated to human support. Automatic recovery has been stopped.
2026-08-31T15:22:30.420418,TX0126,7570,escalate,escalated,0,3,Case escalated to human support. Automatic recovery has been stopped.
2026-08-31T15:22:30.427178,TX0132,4469,send_payment_reminder,reminder_sent,0,2,Payment reminder sent to customer.
2026-08-31T15:22:30.431058,TX0138,1143,send_payment_reminder,reminder_sent,0,3,Payment reminder sent to customer.
2026-08-31T15:22:30.438493,TX0148,3594,retry_payment,stopped,0,4,Maximum automatic recovery attempts reached. Further retries are stopped and the case requires escalation.
2026-08-31T15:22:30.452685,TX0169,204,retry_payment,stopped,0,5,Maximum automatic recovery attempts reached. Further retries are stopped and the case requires escalation.
2026-08-31T15:22:30.461274,TX0172,9038,retry_payment,stopped,0,5,Maximum automatic recovery attempts reached. Further retries are stopped and the case requires escalation.
2026-08-31T15:22:30.465245,TX0177,9753,send_payment_reminder,reminder_sent,0,1,Payment reminder sent to customer.
2026-08-31T15:22:30.479641,TX0190,2877,retry_payment,stopped,0,5,Maximum automatic recovery attempts reached. Further retries are stopped and the case requires escalation.
2026-08-31T15:22:30.487387,TX0204,8192,send_payment_reminder,reminder_sent,0,1,Payment reminder sent to customer.
2026-08-31T15:22:30.491102,TX0207,8855,escalate,escalated,0,3,Case escalated to human support. Automatic recovery has been stopped.
2026-08-31T15:22:30.500401,TX0214,1732,send_payment_reminder,reminder_sent,0,3,Payment reminder sent to customer.
2026-08-31T15:22:30.503973,TX0216,3015,send_payment_reminder,reminder_sent,0,1,Payment reminder sent to customer.
2026-08-31T15:22:30.507509,TX0227,2045,escalate,escalated,0,3,Case escalated to human support. Automatic recovery has been stopped.
2026-08-31T15:22:30.521539,TX0232,7988,retry_payment,stopped,0,5,Maximum automatic recovery attempts reached. Further retries are stopped and the case requires escalation.
2026-08-31T15:22:30.529668,TX0234,3516,retry_payment,stopped,0,5,Maximum automatic recovery attempts reached. Further retries are stopped and the case requires escalation.
2026-08-31T15:22:30.537263,TX0241,1669,send_payment_reminder,reminder_sent,0,1,Payment reminder sent to customer.
2026-08-31T15:22:30.541166,TX0242,5426,send_payment_reminder,reminder_sent,0,3,Payment reminder sent to customer.
2026-08-31T15:22:30.550621,TX0243,6092,retry_payment,stopped,0,4,Maximum automatic recovery attempts reached. Further retries are stopped and the case requires escalation.
2026-08-31T15:22:30.554630,TX0245,5028,escalate,escalated,0,3,Case escalated to human support. Automatic recovery has been stopped.
2026-08-31T15:22:30.567289,TX0258,9000,retry_payment,stopped,0,4,Maximum automatic recovery attempts reached. Further retries are stopped and the case requires escalation.
2026-08-31T15:22:30.575456,TX0260,8100,retry_payment,stopped,0,5,Maximum automatic recovery attempts reached. Further retries are stopped and the case requires escalation.
2026-08-31T15:22:30.589075,TX0274,5938,retry_payment,stopped,0,5,Maximum automatic recovery attempts reached. Further retries are stopped and the case requires escalation.
2026-08-31T15:22:30.593701,TX0280,6831,escalate,escalated,0,3,Case escalated to human support. Automatic recovery has been stopped.
2026-08-31T15:22:30.602548,TX0284,3654,retry_payment,stopped,0,5,Maximum automatic recovery attempts reached. Further retries are stopped and the case requires escalation.
2026-08-31T15:22:30.605772,TX0293,3752,escalate,escalated,0,3,Case escalated to human support. Automatic recovery has been stopped.
2026-08-31T15:22:30.612699,TX0298,3572,send_payment_reminder,reminder_sent,0,1,Payment reminder sent to customer.
2026-08-31T15:22:30.616491,TX0301,6892,escalate,escalated,0,3,Case escalated to human support. Automatic recovery has been stopped.
2026-08-31T15:22:30.620041,TX0310,1366,send_payment_reminder,reminder_sent,0,1,Payment reminder sent to customer.
2026-08-31T15:22:30.623481,TX0315,6054,escalate,escalated,0,3,Case escalated to human support. Automatic recovery has been stopped.
2026-08-31T15:22:30.634144,TX0327,5998,retry_payment,stopped,0,5,Maximum automatic recovery attempts reached. Further retries are stopped and the case requires escalation.
2026-08-31T15:22:30.637923,TX0336,2473,escalate,escalated,0,3,Case escalated to human support. Automatic recovery has been stopped.
2026-08-31T15:22:30.649395,TX0342,6607,retry_payment,stopped,0,5,Maximum automatic recovery attempts reached. Further retries are stopped and the case requires escalation.
2026-08-31T15:22:30.656774,TX0350,285,retry_payment,stopped,0,4,Maximum automatic recovery attempts reached. Further retries are stopped and the case requires escalation.
2026-08-31T15:22:30.661136,TX0354,2047,send_payment_reminder,reminder_sent,0,1,Payment reminder sent to customer.
2026-08-31T15:22:30.665074,TX0368,9912,send_payment_reminder,reminder_sent,0,1,Payment reminder sent to customer.
2026-08-31T15:22:30.671970,TX0374,636,retry_payment,stopped,0,4,Maximum automatic recovery attempts reached. Further retries are stopped and the case requires escalation.
2026-08-31T15:22:30.675521,TX0384,3271,escalate,escalated,0,3,Case escalated to human support. Automatic recovery has been stopped.
2026-08-31T15:22:30.679134,TX0387,693,send_payment_reminder,reminder_sent,0,3,Payment reminder sent to customer.
2026-08-31T15:22:30.686720,TX0392,5393,retry_payment,stopped,0,5,Maximum automatic recovery attempts reached. Further retries are stopped and the case requires escalation.
2026-08-31T15:22:30.694916,TX0400,6343,escalate,escalated,0,3,Case escalated to human support. Automatic recovery has been stopped.
2026-08-31T15:22:30.700426,TX0405,5780,send_payment_reminder,reminder_sent,0,1,Payment reminder sent to customer.
2026-08-31T15:22:30.708148,TX0408,1325,retry_payment,stopped,0,4,Maximum automatic recovery attempts reached. Further retries are stopped and the case requires escalation.
2026-08-31T15:22:30.716544,TX0416,4013,retry_payment,stopped,0,4,Maximum automatic recovery attempts reached. Further retries are stopped and the case requires escalation.
2026-08-31T15:22:30.727069,TX0418,1013,retry_payment,stopped,0,5,Maximum automatic recovery attempts reached. Further retries are stopped and the case requires escalation.
2026-08-31T15:22:30.731162,TX0428,1981,send_payment_reminder,reminder_sent,0,1,Payment reminder sent to customer.
2026-08-31T15:22:30.734736,TX0429,8955,escalate,escalated,0,3,Case escalated to human support. Automatic recovery has been stopped.
2026-08-31T15:22:30.738384,TX0435,2253,send_payment_reminder,reminder_sent,0,1,Payment reminder sent to customer.
2026-08-31T15:22:30.742772,TX0438,5305,escalate,escalated,0,3,Case escalated to human support. Automatic recovery has been stopped.
2026-08-31T15:22:30.746894,TX0440,3787,send_payment_reminder,reminder_sent,0,1,Payment reminder sent to customer.
2026-08-31T15:22:30.752957,TX0442,931,send_payment_reminder,reminder_sent,0,2,Payment reminder sent to customer.
2026-08-31T15:22:30.756672,TX0444,2835,escalate,escalated,0,3,Case escalated to human support. Automatic recovery has been stopped.
2026-08-31T15:22:30.760659,TX0446,9395,send_payment_reminder,reminder_sent,0,1,Payment reminder sent to customer.
2026-08-31T15:22:30.764250,TX0447,1922,escalate,escalated,0,3,Case escalated to human support. Automatic recovery has been stopped.
2026-08-31T15:22:30.767839,TX0448,6307,escalate,escalated,0,3,Case escalated to human support. Automatic recovery has been stopped.
2026-08-31T15:22:30.771360,TX0450,323,escalate,escalated,0,3,Case escalated to human support. Automatic recovery has been stopped.
2026-08-31T15:22:30.777210,TX0462,7407,send_payment_reminder,reminder_sent,0,1,Payment reminder sent to customer.
2026-08-31T15:22:30.784649,TX0463,421,retry_payment,stopped,0,5,Maximum automatic recovery attempts reached. Further retries are stopped and the case requires escalation.
2026-08-31T15:22:30.800339,TX0472,6309,retry_payment,stopped,0,4,Maximum automatic recovery attempts reached. Further retries are stopped and the case requires escalation.
2026-08-31T15:22:30.809272,TX0473,3592,retry_payment,stopped,0,5,Maximum automatic recovery attempts reached. Further retries are stopped and the case requires escalation.
2026-08-31T15:22:30.813797,TX0479,1237,send_payment_reminder,reminder_sent,0,1,Payment reminder sent to customer.
2026-08-31T15:22:30.820131,TX0482,9477,send_payment_reminder,reminder_sent,0,3,Payment reminder sent to customer.
2026-08-31T15:22:30.823949,TX0488,1247,send_payment_reminder,reminder_sent,0,1,Payment reminder sent to customer.
2026-08-31T15:22:30.832396,TX0501,4590,send_payment_reminder,reminder_sent,0,3,Payment reminder sent to customer.
2026-08-31T15:22:30.836021,TX0508,1643,escalate,escalated,0,3,Case escalated to human support. Automatic recovery has been stopped.
2026-08-31T15:22:30.839580,TX0513,1913,escalate,escalated,0,3,Case escalated to human support. Automatic recovery has been stopped.
2026-08-31T15:22:30.850210,TX0525,4027,retry_payment,stopped,0,4,Maximum automatic recovery attempts reached. Further retries are stopped and the case requires escalation.
2026-08-31T15:22:30.859874,TX0532,1778,retry_payment,stopped,0,4,Maximum automatic recovery attempts reached. Further retries are stopped and the case requires escalation.
2026-08-31T15:22:30.865867,TX0537,8304,send_payment_reminder,reminder_sent,0,2,Payment reminder sent to customer.
2026-08-31T15:22:30.871493,TX0544,2159,send_payment_reminder,reminder_sent,0,1,Payment reminder sent to customer.
2026-08-31T15:22:30.879857,TX0547,7267,retry_payment,stopped,0,5,Maximum automatic recovery attempts reached. Further retries are stopped and the case requires escalation.
2026-08-31T15:22:30.888317,TX0549,3327,retry_payment,stopped,0,5,Maximum automatic recovery attempts reached. Further retries are stopped and the case requires escalation.
2026-08-31T15:22:30.893109,TX0550,9921,escalate,escalated,0,3,Case escalated to human support. Automatic recovery has been stopped.
2026-08-31T15:22:30.897217,TX0556,7500,escalate,escalated,0,3,Case escalated to human support. Automatic recovery has been stopped.
2026-08-31T15:22:30.904331,TX0562,862,retry_payment,stopped,0,5,Maximum automatic recovery attempts reached. Further retries are stopped and the case requires escalation.
2026-08-31T15:22:30.910172,TX0567,2632,escalate,escalated,0,3,Case escalated to human support. Automatic recovery has been stopped.
2026-08-31T15:22:30.918077,TX0568,4965,retry_payment,stopped,0,4,Maximum automatic recovery attempts reached. Further retries are stopped and the case requires escalation.
2026-08-31T15:22:30.921694,TX0569,1727,escalate,escalated,0,3,Case escalated to human support. Automatic recovery has been stopped.
2026-08-31T15:22:30.927928,TX0578,2552,escalate,escalated,0,3,Case escalated to human support. Automatic recovery has been stopped.
2026-08-31T15:22:30.931455,TX0580,9997,escalate,escalated,0,3,Case escalated to human support. Automatic recovery has been stopped.
2026-08-31T15:22:30.934927,TX0582,5791,send_payment_reminder,reminder_sent,0,3,Payment reminder sent to customer.
2026-08-31T15:22:30.940290,TX0586,1592,escalate,escalated,0,3,Case escalated to human support. Automatic recovery has been stopped.
2026-08-31T15:22:30.944190,TX0590,996,escalate,escalated,0,3,Case escalated to human support. Automatic recovery has been stopped.
2026-08-31T15:22:30.947993,TX0593,6642,escalate,escalated,0,3,Case escalated to human support. Automatic recovery has been stopped.
2026-08-31T15:22:30.955185,TX0606,7411,send_payment_reminder,reminder_sent,0,3,Payment reminder sent to customer.
2026-08-31T15:22:30.959045,TX0607,6370,escalate,escalated,0,3,Case escalated to human support. Automatic recovery has been stopped.
2026-08-31T15:22:30.963397,TX0612,1099,send_payment_reminder,reminder_sent,0,3,Payment reminder sent to customer.
2026-08-31T15:22:30.971584,TX0629,9885,send_payment_reminder,reminder_sent,0,3,Payment reminder sent to customer.
2026-08-31T15:22:30.979763,TX0640,5280,retry_payment,stopped,0,5,Maximum automatic recovery attempts reached. Further retries are stopped and the case requires escalation.
2026-08-31T15:22:30.987448,TX0641,4566,retry_payment,stopped,0,4,Maximum automatic recovery attempts reached. Further retries are stopped and the case requires escalation.
2026-08-31T15:22:30.997477,TX0646,8540,retry_payment,stopped,0,5,Maximum automatic recovery attempts reached. Further retries are stopped and the case requires escalation.
2026-08-31T15:22:31.008765,TX0652,9977,retry_payment,stopped,0,4,Maximum automatic recovery attempts reached. Further retries are stopped and the case requires escalation.
2026-08-31T15:22:31.015414,TX0656,1947,send_payment_reminder,reminder_sent,0,3,Payment reminder sent to customer.
2026-08-31T15:22:31.018731,TX0659,1626,escalate,escalated,0,3,Case escalated to human support. Automatic recovery has been stopped.
2026-08-31T15:22:31.025889,TX0662,6966,retry_payment,stopped,0,4,Maximum automatic recovery attempts reached. Further retries are stopped and the case requires escalation.
2026-08-31T15:22:31.030503,TX0663,4693,send_payment_reminder,reminder_sent,0,2,Payment reminder sent to customer.
2026-08-31T15:22:31.034386,TX0678,1854,escalate,escalated,0,3,Case escalated to human support. Automatic recovery has been stopped.
2026-08-31T15:22:31.040309,TX0681,4486,escalate,escalated,0,3,Case escalated to human support. Automatic recovery has been stopped.
2026-08-31T15:22:31.044769,TX0682,9498,escalate,escalated,0,3,Case escalated to human support. Automatic recovery has been stopped.
2026-08-31T15:22:31.050830,TX0687,9956,escalate,escalated,0,3,Case escalated to human support. Automatic recovery has been stopped.
2026-08-31T15:22:31.057930,TX0707,537,send_payment_reminder,reminder_sent,0,3,Payment reminder sent to customer.
2026-08-31T15:22:31.062221,TX0712,1754,escalate,escalated,0,3,Case escalated to human support. Automatic recovery has been stopped.
2026-08-31T15:22:31.076097,TX0721,6953,send_payment_reminder,reminder_sent,0,2,Payment reminder sent to customer.
2026-08-31T15:22:31.087144,TX0726,3743,retry_payment,stopped,0,4,Maximum automatic recovery attempts reached. Further retries are stopped and the case requires escalation.
2026-08-31T15:22:31.095436,TX0730,6945,retry_payment,stopped,0,4,Maximum automatic recovery attempts reached. Further retries are stopped and the case requires escalation.
2026-08-31T15:22:31.099112,TX0733,5855,send_payment_reminder,reminder_sent,0,3,Payment reminder sent to customer.
2026-08-31T15:22:31.106047,TX0734,7230,retry_payment,stopped,0,4,Maximum automatic recovery attempts reached. Further retries are stopped and the case requires escalation.
2026-08-31T15:22:31.115455,TX0736,9482,retry_payment,stopped,0,4,Maximum automatic recovery attempts reached. Further retries are stopped and the case requires escalation.
2026-08-31T15:22:31.119407,TX0737,5711,escalate,escalated,0,3,Case escalated to human support. Automatic recovery has been stopped.
2026-08-31T15:22:31.125985,TX0740,4322,escalate,escalated,0,3,Case escalated to human support. Automatic recovery has been stopped.
2026-08-31T15:22:31.130193,TX0743,1646,send_payment_reminder,reminder_sent,0,1,Payment reminder sent to customer.
2026-08-31T15:22:31.134275,TX0751,5701,escalate,escalated,0,3,Case escalated to human support. Automatic recovery has been stopped.
2026-08-31T15:22:31.140400,TX0753,1774,send_payment_reminder,reminder_sent,0,3,Payment reminder sent to customer.
2026-08-31T15:22:31.150712,TX0756,9319,retry_payment,stopped,0,5,Maximum automatic recovery attempts reached. Further retries are stopped and the case requires escalation.
2026-08-31T15:22:31.163204,TX0770,2951,escalate,escalated,0,3,Case escalated to human support. Automatic recovery has been stopped.
2026-08-31T15:22:31.175450,TX0782,5981,send_payment_reminder,reminder_sent,0,1,Payment reminder sent to customer.
2026-08-31T15:22:31.185283,TX0785,7288,retry_payment,stopped,0,4,Maximum automatic recovery attempts reached. Further retries are stopped and the case requires escalation.
2026-08-31T15:22:31.188931,TX0786,5774,escalate,escalated,0,3,Case escalated to human support. Automatic recovery has been stopped.
2026-08-31T15:22:31.192915,TX0788,7339,escalate,escalated,0,3,Case escalated to human support. Automatic recovery has been stopped.
2026-08-31T15:22:31.204605,TX0797,1404,retry_payment,stopped,0,5,Maximum automatic recovery attempts reached. Further retries are stopped and the case requires escalation.
2026-08-31T15:22:31.214569,TX0813,9444,send_payment_reminder,reminder_sent,0,1,Payment reminder sent to customer.
2026-08-31T15:22:31.219811,TX0815,6208,escalate,escalated,0,3,Case escalated to human support. Automatic recovery has been stopped.
2026-08-31T15:22:31.223090,TX0817,1308,escalate,escalated,0,3,Case escalated to human support. Automatic recovery has been stopped.
2026-08-31T15:22:31.227358,TX0821,5521,send_payment_reminder,reminder_sent,0,3,Payment reminder sent to customer.
2026-08-31T15:22:31.231268,TX0824,3847,send_payment_reminder,reminder_sent,0,2,Payment reminder sent to customer.
2026-08-31T15:22:31.234609,TX0826,1145,send_payment_reminder,reminder_sent,0,3,Payment reminder sent to customer.
2026-08-31T15:22:31.241966,TX0827,5759,retry_payment,stopped,0,5,Maximum automatic recovery attempts reached. Further retries are stopped and the case requires escalation.
2026-08-31T15:22:31.253465,TX0837,9192,retry_payment,stopped,0,5,Maximum automatic recovery attempts reached. Further retries are stopped and the case requires escalation.
2026-08-31T15:22:31.257170,TX0839,3421,send_payment_reminder,reminder_sent,0,2,Payment reminder sent to customer.
2026-08-31T15:22:31.265514,TX0848,1656,retry_payment,stopped,0,4,Maximum automatic recovery attempts reached. Further retries are stopped and the case requires escalation.
2026-08-31T15:22:31.275995,TX0860,2217,retry_payment,stopped,0,4,Maximum automatic recovery attempts reached. Further retries are stopped and the case requires escalation.
2026-08-31T15:22:31.285738,TX0863,210,retry_payment,stopped,0,5,Maximum automatic recovery attempts reached. Further retries are stopped and the case requires escalation.
2026-08-31T15:22:31.290150,TX0865,1817,escalate,escalated,0,3,Case escalated to human support. Automatic recovery has been stopped.
2026-08-31T15:22:31.299657,TX0875,8797,send_payment_reminder,reminder_sent,0,2,Payment reminder sent to customer.
2026-08-31T15:22:31.303660,TX0876,6213,escalate,escalated,0,3,Case escalated to human support. Automatic recovery has been stopped.
2026-08-31T15:22:31.307756,TX0880,9987,escalate,escalated,0,3,Case escalated to human support. Automatic recovery has been stopped.
2026-08-31T15:22:31.312009,TX0882,5090,escalate,escalated,0,3,Case escalated to human support. Automatic recovery has been stopped.
2026-08-31T15:22:31.315668,TX0885,3140,escalate,escalated,0,3,Case escalated to human support. Automatic recovery has been stopped.
2026-08-31T15:22:31.323075,TX0886,8621,retry_payment,stopped,0,4,Maximum automatic recovery attempts reached. Further retries are stopped and the case requires escalation.
2026-08-31T15:22:31.327888,TX0890,1683,send_payment_reminder,reminder_sent,0,2,Payment reminder sent to customer.
2026-08-31T15:22:31.331802,TX0892,736,send_payment_reminder,reminder_sent,0,2,Payment reminder sent to customer.
2026-08-31T15:22:31.337936,TX0908,8784,escalate,escalated,0,3,Case escalated to human support. Automatic recovery has been stopped.
2026-08-31T15:22:31.344809,TX0913,8900,escalate,escalated,0,3,Case escalated to human support. Automatic recovery has been stopped.
2026-08-31T15:22:31.351268,TX0928,6945,escalate,escalated,0,3,Case escalated to human support. Automatic recovery has been stopped.
2026-08-31T15:22:31.357400,TX0933,2251,send_payment_reminder,reminder_sent,0,1,Payment reminder sent to customer.
2026-08-31T15:22:31.361876,TX0935,1258,send_payment_reminder,reminder_sent,0,3,Payment reminder sent to customer.
2026-08-31T15:22:31.368234,TX0939,1072,escalate,escalated,0,3,Case escalated to human support. Automatic recovery has been stopped.
2026-08-31T15:22:31.377992,TX0958,2331,retry_payment,stopped,0,5,Maximum automatic recovery attempts reached. Further retries are stopped and the case requires escalation.
2026-08-31T15:22:31.388778,TX0971,293,retry_payment,stopped,0,4,Maximum automatic recovery attempts reached. Further retries are stopped and the case requires escalation.
2026-08-31T15:22:31.404295,TX0989,8382,retry_payment,stopped,0,4,Maximum automatic recovery attempts reached. Further retries are stopped and the case requires escalation.
2026-08-31T15:22:31.408973,TX0991,2707,send_payment_reminder,reminder_sent,0,1,Payment reminder sent to customer.
2026-08-31T15:22:31.413346,TX0997,8563,escalate,escalated,0,3,Case escalated to human support. Automatic recovery has been stopped.
2026-08-31T15:24:47.528949,TX0009,4399,send_payment_reminder,reminder_sent,0,1,Payment reminder sent to customer.
2026-08-31T15:24:47.536551,TX0013,6211,retry_payment,stopped,0,8,Maximum automatic recovery attempts reached. Further retries are stopped and the case requires escalation.
2026-08-31T15:24:47.540678,TX0014,5531,send_payment_reminder,reminder_sent,0,2,Payment reminder sent to customer.
2026-08-31T15:24:47.544823,TX0015,335,send_payment_reminder,reminder_sent,0,3,Payment reminder sent to customer.
2026-08-31T15:24:47.549002,TX0016,4852,escalate,escalated,0,3,Case escalated to human support. Automatic recovery has been stopped.
2026-08-31T15:24:47.553184,TX0023,3841,send_payment_reminder,reminder_sent,0,3,Payment reminder sent to customer.
2026-08-31T15:24:47.558001,TX0028,8018,escalate,escalated,0,3,Case escalated to human support. Automatic recovery has been stopped.
2026-08-31T15:24:47.562114,TX0031,7639,send_payment_reminder,reminder_sent,0,1,Payment reminder sent to customer.
2026-08-31T15:24:47.566026,TX0034,570,escalate,escalated,0,3,Case escalated to human support. Automatic recovery has been stopped.
2026-08-31T15:24:47.569958,TX0039,4232,send_payment_reminder,reminder_sent,0,3,Payment reminder sent to customer.
2026-08-31T15:24:47.574248,TX0043,9780,escalate,escalated,0,3,Case escalated to human support. Automatic recovery has been stopped.
2026-08-31T15:24:47.578671,TX0048,4560,escalate,escalated,0,3,Case escalated to human support. Automatic recovery has been stopped.
2026-08-31T15:24:47.582689,TX0051,6175,send_payment_reminder,reminder_sent,0,1,Payment reminder sent to customer.
2026-08-31T15:24:47.586667,TX0053,9216,escalate,escalated,0,3,Case escalated to human support. Automatic recovery has been stopped.
2026-08-31T15:24:47.598176,TX0055,3456,retry_payment,stopped,0,5,Maximum automatic recovery attempts reached. Further retries are stopped and the case requires escalation.
2026-08-31T15:24:47.601962,TX0060,4428,send_payment_reminder,reminder_sent,0,3,Payment reminder sent to customer.
2026-08-31T15:24:47.609983,TX0062,7884,retry_payment,stopped,0,5,Maximum automatic recovery attempts reached. Further retries are stopped and the case requires escalation.
2026-08-31T15:24:47.613965,TX0072,7214,send_payment_reminder,reminder_sent,0,2,Payment reminder sent to customer.
2026-08-31T15:24:47.617761,TX0073,8792,send_payment_reminder,reminder_sent,0,1,Payment reminder sent to customer.
2026-08-31T15:24:47.625005,TX0081,8043,send_payment_reminder,reminder_sent,0,3,Payment reminder sent to customer.
2026-08-31T15:24:47.629303,TX0083,3457,escalate,escalated,0,3,Case escalated to human support. Automatic recovery has been stopped.
2026-08-31T15:24:47.637138,TX0090,689,retry_payment,stopped,0,6,Maximum automatic recovery attempts reached. Further retries are stopped and the case requires escalation.
2026-08-31T15:24:47.644313,TX0102,4554,send_payment_reminder,reminder_sent,0,3,Payment reminder sent to customer.
2026-08-31T15:24:47.648444,TX0104,6247,send_payment_reminder,reminder_sent,0,1,Payment reminder sent to customer.
2026-08-31T15:24:47.659834,TX0114,7261,retry_payment,stopped,0,5,Maximum automatic recovery attempts reached. Further retries are stopped and the case requires escalation.
2026-08-31T15:24:47.663463,TX0118,9482,escalate,escalated,0,3,Case escalated to human support. Automatic recovery has been stopped.
2026-08-31T15:24:47.666921,TX0126,7570,escalate,escalated,0,3,Case escalated to human support. Automatic recovery has been stopped.
2026-08-31T15:24:47.672481,TX0132,4469,send_payment_reminder,reminder_sent,0,2,Payment reminder sent to customer.
2026-08-31T15:24:47.676724,TX0138,1143,send_payment_reminder,reminder_sent,0,3,Payment reminder sent to customer.
2026-08-31T15:24:47.684037,TX0148,3594,retry_payment,stopped,0,5,Maximum automatic recovery attempts reached. Further retries are stopped and the case requires escalation.
2026-08-31T15:24:47.696083,TX0169,204,retry_payment,stopped,0,6,Maximum automatic recovery attempts reached. Further retries are stopped and the case requires escalation.
2026-08-31T15:24:47.704371,TX0172,9038,retry_payment,stopped,0,6,Maximum automatic recovery attempts reached. Further retries are stopped and the case requires escalation.
2026-08-31T15:24:47.709008,TX0177,9753,send_payment_reminder,reminder_sent,0,1,Payment reminder sent to customer.
2026-08-31T15:24:47.724379,TX0190,2877,retry_payment,stopped,0,6,Maximum automatic recovery attempts reached. Further retries are stopped and the case requires escalation.
2026-08-31T15:24:47.733326,TX0204,8192,send_payment_reminder,reminder_sent,0,1,Payment reminder sent to customer.
2026-08-31T15:24:47.737086,TX0207,8855,escalate,escalated,0,3,Case escalated to human support. Automatic recovery has been stopped.
2026-08-31T15:24:47.749155,TX0214,1732,send_payment_reminder,reminder_sent,0,3,Payment reminder sent to customer.
2026-08-31T15:24:47.754161,TX0216,3015,send_payment_reminder,reminder_sent,0,1,Payment reminder sent to customer.
2026-08-31T15:24:47.759844,TX0227,2045,escalate,escalated,0,3,Case escalated to human support. Automatic recovery has been stopped.
2026-08-31T15:24:47.776426,TX0232,7988,retry_payment,stopped,0,6,Maximum automatic recovery attempts reached. Further retries are stopped and the case requires escalation.
2026-08-31T15:24:47.785674,TX0234,3516,retry_payment,stopped,0,6,Maximum automatic recovery attempts reached. Further retries are stopped and the case requires escalation.
2026-08-31T15:24:47.795320,TX0241,1669,send_payment_reminder,reminder_sent,0,1,Payment reminder sent to customer.
2026-08-31T15:24:47.799146,TX0242,5426,send_payment_reminder,reminder_sent,0,3,Payment reminder sent to customer.
2026-08-31T15:24:47.806809,TX0243,6092,retry_payment,stopped,0,5,Maximum automatic recovery attempts reached. Further retries are stopped and the case requires escalation.
2026-08-31T15:24:47.811244,TX0245,5028,escalate,escalated,0,3,Case escalated to human support. Automatic recovery has been stopped.
2026-08-31T15:24:47.822971,TX0258,9000,retry_payment,stopped,0,5,Maximum automatic recovery attempts reached. Further retries are stopped and the case requires escalation.
2026-08-31T15:24:47.830863,TX0260,8100,retry_payment,stopped,0,6,Maximum automatic recovery attempts reached. Further retries are stopped and the case requires escalation.
2026-08-31T15:24:47.843276,TX0274,5938,retry_payment,stopped,0,6,Maximum automatic recovery attempts reached. Further retries are stopped and the case requires escalation.
2026-08-31T15:24:47.847246,TX0280,6831,escalate,escalated,0,3,Case escalated to human support. Automatic recovery has been stopped.
2026-08-31T15:24:47.857094,TX0284,3654,retry_payment,stopped,0,6,Maximum automatic recovery attempts reached. Further retries are stopped and the case requires escalation.
2026-08-31T15:24:47.861439,TX0293,3752,escalate,escalated,0,3,Case escalated to human support. Automatic recovery has been stopped.
2026-08-31T15:24:47.867861,TX0298,3572,send_payment_reminder,reminder_sent,0,1,Payment reminder sent to customer.
2026-08-31T15:24:47.871484,TX0301,6892,escalate,escalated,0,3,Case escalated to human support. Automatic recovery has been stopped.
2026-08-31T15:24:47.875694,TX0310,1366,send_payment_reminder,reminder_sent,0,1,Payment reminder sent to customer.
2026-08-31T15:24:47.879719,TX0315,6054,escalate,escalated,0,3,Case escalated to human support. Automatic recovery has been stopped.
2026-08-31T15:24:47.889186,TX0327,5998,retry_payment,stopped,0,6,Maximum automatic recovery attempts reached. Further retries are stopped and the case requires escalation.
2026-08-31T15:24:47.893819,TX0336,2473,escalate,escalated,0,3,Case escalated to human support. Automatic recovery has been stopped.
2026-08-31T15:24:47.905128,TX0342,6607,retry_payment,stopped,0,6,Maximum automatic recovery attempts reached. Further retries are stopped and the case requires escalation.
2026-08-31T15:24:47.913885,TX0350,285,retry_payment,stopped,0,5,Maximum automatic recovery attempts reached. Further retries are stopped and the case requires escalation.
2026-08-31T15:24:47.917822,TX0354,2047,send_payment_reminder,reminder_sent,0,1,Payment reminder sent to customer.
2026-08-31T15:24:47.921622,TX0368,9912,send_payment_reminder,reminder_sent,0,1,Payment reminder sent to customer.
2026-08-31T15:24:47.929859,TX0374,636,retry_payment,stopped,0,5,Maximum automatic recovery attempts reached. Further retries are stopped and the case requires escalation.
2026-08-31T15:24:47.933537,TX0384,3271,escalate,escalated,0,3,Case escalated to human support. Automatic recovery has been stopped.
2026-08-31T15:24:47.937018,TX0387,693,send_payment_reminder,reminder_sent,0,3,Payment reminder sent to customer.
2026-08-31T15:24:47.944824,TX0392,5393,retry_payment,stopped,0,6,Maximum automatic recovery attempts reached. Further retries are stopped and the case requires escalation.
2026-08-31T15:24:47.952702,TX0400,6343,escalate,escalated,0,3,Case escalated to human support. Automatic recovery has been stopped.
2026-08-31T15:24:47.959720,TX0405,5780,send_payment_reminder,reminder_sent,0,1,Payment reminder sent to customer.
2026-08-31T15:24:47.967459,TX0408,1325,retry_payment,stopped,0,5,Maximum automatic recovery attempts reached. Further retries are stopped and the case requires escalation.
2026-08-31T15:24:47.974986,TX0416,4013,retry_payment,stopped,0,5,Maximum automatic recovery attempts reached. Further retries are stopped and the case requires escalation.
2026-08-31T15:24:47.991473,TX0418,1013,retry_payment,stopped,0,6,Maximum automatic recovery attempts reached. Further retries are stopped and the case requires escalation.
2026-08-31T15:24:47.999392,TX0428,1981,send_payment_reminder,reminder_sent,0,1,Payment reminder sent to customer.
2026-08-31T15:24:48.008055,TX0429,8955,escalate,escalated,0,3,Case escalated to human support. Automatic recovery has been stopped.
2026-08-31T15:24:48.014496,TX0435,2253,send_payment_reminder,reminder_sent,0,1,Payment reminder sent to customer.
2026-08-31T15:24:48.018938,TX0438,5305,escalate,escalated,0,3,Case escalated to human support. Automatic recovery has been stopped.
2026-08-31T15:24:48.024507,TX0440,3787,send_payment_reminder,reminder_sent,0,1,Payment reminder sent to customer.
2026-08-31T15:24:48.033991,TX0442,931,send_payment_reminder,reminder_sent,0,2,Payment reminder sent to customer.
2026-08-31T15:24:48.038188,TX0444,2835,escalate,escalated,0,3,Case escalated to human support. Automatic recovery has been stopped.
2026-08-31T15:24:48.042392,TX0446,9395,send_payment_reminder,reminder_sent,0,1,Payment reminder sent to customer.
2026-08-31T15:24:48.046166,TX0447,1922,escalate,escalated,0,3,Case escalated to human support. Automatic recovery has been stopped.
2026-08-31T15:24:48.049759,TX0448,6307,escalate,escalated,0,3,Case escalated to human support. Automatic recovery has been stopped.
2026-08-31T15:24:48.053259,TX0450,323,escalate,escalated,0,3,Case escalated to human support. Automatic recovery has been stopped.
2026-08-31T15:24:48.059591,TX0462,7407,send_payment_reminder,reminder_sent,0,1,Payment reminder sent to customer.
2026-08-31T15:24:48.067206,TX0463,421,retry_payment,stopped,0,6,Maximum automatic recovery attempts reached. Further retries are stopped and the case requires escalation.
2026-08-31T15:24:48.079875,TX0472,6309,retry_payment,stopped,0,5,Maximum automatic recovery attempts reached. Further retries are stopped and the case requires escalation.
2026-08-31T15:24:48.087443,TX0473,3592,retry_payment,stopped,0,6,Maximum automatic recovery attempts reached. Further retries are stopped and the case requires escalation.
2026-08-31T15:24:48.091661,TX0479,1237,send_payment_reminder,reminder_sent,0,1,Payment reminder sent to customer.
2026-08-31T15:24:48.097825,TX0482,9477,send_payment_reminder,reminder_sent,0,3,Payment reminder sent to customer.
2026-08-31T15:24:48.101863,TX0488,1247,send_payment_reminder,reminder_sent,0,1,Payment reminder sent to customer.
2026-08-31T15:24:48.110918,TX0501,4590,send_payment_reminder,reminder_sent,0,3,Payment reminder sent to customer.
2026-08-31T15:24:48.114877,TX0508,1643,escalate,escalated,0,3,Case escalated to human support. Automatic recovery has been stopped.
2026-08-31T15:24:48.118898,TX0513,1913,escalate,escalated,0,3,Case escalated to human support. Automatic recovery has been stopped.
2026-08-31T15:24:48.131748,TX0525,4027,retry_payment,stopped,0,5,Maximum automatic recovery attempts reached. Further retries are stopped and the case requires escalation.
2026-08-31T15:24:48.144451,TX0532,1778,retry_payment,stopped,0,5,Maximum automatic recovery attempts reached. Further retries are stopped and the case requires escalation.
2026-08-31T15:24:48.151493,TX0537,8304,send_payment_reminder,reminder_sent,0,2,Payment reminder sent to customer.
2026-08-31T15:24:48.158655,TX0544,2159,send_payment_reminder,reminder_sent,0,1,Payment reminder sent to customer.
2026-08-31T15:24:48.167635,TX0547,7267,retry_payment,stopped,0,6,Maximum automatic recovery attempts reached. Further retries are stopped and the case requires escalation.
2026-08-31T15:24:48.176889,TX0549,3327,retry_payment,stopped,0,6,Maximum automatic recovery attempts reached. Further retries are stopped and the case requires escalation.
2026-08-31T15:24:48.181138,TX0550,9921,escalate,escalated,0,3,Case escalated to human support. Automatic recovery has been stopped.
2026-08-31T15:24:48.185114,TX0556,7500,escalate,escalated,0,3,Case escalated to human support. Automatic recovery has been stopped.
2026-08-31T15:24:48.194523,TX0562,862,retry_payment,stopped,0,6,Maximum automatic recovery attempts reached. Further retries are stopped and the case requires escalation.
2026-08-31T15:24:48.201010,TX0567,2632,escalate,escalated,0,3,Case escalated to human support. Automatic recovery has been stopped.
2026-08-31T15:24:48.210209,TX0568,4965,retry_payment,stopped,0,5,Maximum automatic recovery attempts reached. Further retries are stopped and the case requires escalation.
2026-08-31T15:24:48.214360,TX0569,1727,escalate,escalated,0,3,Case escalated to human support. Automatic recovery has been stopped.
2026-08-31T15:24:48.221098,TX0578,2552,escalate,escalated,0,3,Case escalated to human support. Automatic recovery has been stopped.
2026-08-31T15:24:48.227122,TX0580,9997,escalate,escalated,0,3,Case escalated to human support. Automatic recovery has been stopped.
2026-08-31T15:24:48.231755,TX0582,5791,send_payment_reminder,reminder_sent,0,3,Payment reminder sent to customer.
2026-08-31T15:24:48.238557,TX0586,1592,escalate,escalated,0,3,Case escalated to human support. Automatic recovery has been stopped.
2026-08-31T15:24:48.245207,TX0590,996,escalate,escalated,0,3,Case escalated to human support. Automatic recovery has been stopped.
2026-08-31T15:24:48.250846,TX0593,6642,escalate,escalated,0,3,Case escalated to human support. Automatic recovery has been stopped.
2026-08-31T15:24:48.262758,TX0606,7411,send_payment_reminder,reminder_sent,0,3,Payment reminder sent to customer.
2026-08-31T15:24:48.267548,TX0607,6370,escalate,escalated,0,3,Case escalated to human support. Automatic recovery has been stopped.
2026-08-31T15:24:48.272169,TX0612,1099,send_payment_reminder,reminder_sent,0,3,Payment reminder sent to customer.
2026-08-31T15:24:48.283190,TX0629,9885,send_payment_reminder,reminder_sent,0,3,Payment reminder sent to customer.
2026-08-31T15:24:48.294942,TX0640,5280,retry_payment,stopped,0,6,Maximum automatic recovery attempts reached. Further retries are stopped and the case requires escalation.
2026-08-31T15:24:48.306098,TX0641,4566,retry_payment,stopped,0,5,Maximum automatic recovery attempts reached. Further retries are stopped and the case requires escalation.
2026-08-31T15:24:48.319513,TX0646,8540,retry_payment,stopped,0,6,Maximum automatic recovery attempts reached. Further retries are stopped and the case requires escalation.
2026-08-31T15:24:48.332092,TX0652,9977,retry_payment,stopped,0,5,Maximum automatic recovery attempts reached. Further retries are stopped and the case requires escalation.
2026-08-31T15:24:48.338810,TX0656,1947,send_payment_reminder,reminder_sent,0,3,Payment reminder sent to customer.
2026-08-31T15:24:48.343456,TX0659,1626,escalate,escalated,0,3,Case escalated to human support. Automatic recovery has been stopped.
2026-08-31T15:24:48.353102,TX0662,6966,retry_payment,stopped,0,5,Maximum automatic recovery attempts reached. Further retries are stopped and the case requires escalation.
2026-08-31T15:24:48.359153,TX0663,4693,send_payment_reminder,reminder_sent,0,2,Payment reminder sent to customer.
2026-08-31T15:24:48.363816,TX0678,1854,escalate,escalated,0,3,Case escalated to human support. Automatic recovery has been stopped.
2026-08-31T15:24:48.370830,TX0681,4486,escalate,escalated,0,3,Case escalated to human support. Automatic recovery has been stopped.
2026-08-31T15:24:48.375993,TX0682,9498,escalate,escalated,0,3,Case escalated to human support. Automatic recovery has been stopped.
2026-08-31T15:24:48.382767,TX0687,9956,escalate,escalated,0,3,Case escalated to human support. Automatic recovery has been stopped.
2026-08-31T15:24:48.393217,TX0707,537,send_payment_reminder,reminder_sent,0,3,Payment reminder sent to customer.
2026-08-31T15:24:48.397794,TX0712,1754,escalate,escalated,0,3,Case escalated to human support. Automatic recovery has been stopped.
2026-08-31T15:24:48.413834,TX0721,6953,send_payment_reminder,reminder_sent,0,2,Payment reminder sent to customer.
2026-08-31T15:24:48.427180,TX0726,3743,retry_payment,stopped,0,5,Maximum automatic recovery attempts reached. Further retries are stopped and the case requires escalation.
2026-08-31T15:24:48.437064,TX0730,6945,retry_payment,stopped,0,5,Maximum automatic recovery attempts reached. Further retries are stopped and the case requires escalation.
2026-08-31T15:24:48.442151,TX0733,5855,send_payment_reminder,reminder_sent,0,3,Payment reminder sent to customer.
2026-08-31T15:24:48.451405,TX0734,7230,retry_payment,stopped,0,5,Maximum automatic recovery attempts reached. Further retries are stopped and the case requires escalation.
2026-08-31T15:24:48.461269,TX0736,9482,retry_payment,stopped,0,5,Maximum automatic recovery attempts reached. Further retries are stopped and the case requires escalation.
2026-08-31T15:24:48.465804,TX0737,5711,escalate,escalated,0,3,Case escalated to human support. Automatic recovery has been stopped.
2026-08-31T15:24:48.472462,TX0740,4322,escalate,escalated,0,3,Case escalated to human support. Automatic recovery has been stopped.
2026-08-31T15:24:48.477243,TX0743,1646,send_payment_reminder,reminder_sent,0,1,Payment reminder sent to customer.
2026-08-31T15:24:48.481300,TX0751,5701,escalate,escalated,0,3,Case escalated to human support. Automatic recovery has been stopped.
2026-08-31T15:24:48.487812,TX0753,1774,send_payment_reminder,reminder_sent,0,3,Payment reminder sent to customer.
2026-08-31T15:24:48.497949,TX0756,9319,retry_payment,stopped,0,6,Maximum automatic recovery attempts reached. Further retries are stopped and the case requires escalation.
2026-08-31T15:24:48.510035,TX0770,2951,escalate,escalated,0,3,Case escalated to human support. Automatic recovery has been stopped.
2026-08-31T15:24:48.522348,TX0782,5981,send_payment_reminder,reminder_sent,0,1,Payment reminder sent to customer.
2026-08-31T15:24:48.532799,TX0785,7288,retry_payment,stopped,0,5,Maximum automatic recovery attempts reached. Further retries are stopped and the case requires escalation.
2026-08-31T15:24:48.537170,TX0786,5774,escalate,escalated,0,3,Case escalated to human support. Automatic recovery has been stopped.
2026-08-31T15:24:48.542644,TX0788,7339,escalate,escalated,0,3,Case escalated to human support. Automatic recovery has been stopped.
2026-08-31T15:24:48.557978,TX0797,1404,retry_payment,stopped,0,6,Maximum automatic recovery attempts reached. Further retries are stopped and the case requires escalation.
2026-08-31T15:24:48.570836,TX0813,9444,send_payment_reminder,reminder_sent,0,1,Payment reminder sent to customer.
2026-08-31T15:24:48.578220,TX0815,6208,escalate,escalated,0,3,Case escalated to human support. Automatic recovery has been stopped.
2026-08-31T15:24:48.582250,TX0817,1308,escalate,escalated,0,3,Case escalated to human support. Automatic recovery has been stopped.
2026-08-31T15:24:48.586187,TX0821,5521,send_payment_reminder,reminder_sent,0,3,Payment reminder sent to customer.
2026-08-31T15:24:48.590284,TX0824,3847,send_payment_reminder,reminder_sent,0,2,Payment reminder sent to customer.
2026-08-31T15:24:48.595449,TX0826,1145,send_payment_reminder,reminder_sent,0,3,Payment reminder sent to customer.
2026-08-31T15:24:48.604913,TX0827,5759,retry_payment,stopped,0,6,Maximum automatic recovery attempts reached. Further retries are stopped and the case requires escalation.
2026-08-31T15:24:48.617248,TX0837,9192,retry_payment,stopped,0,6,Maximum automatic recovery attempts reached. Further retries are stopped and the case requires escalation.
2026-08-31T15:24:48.621606,TX0839,3421,send_payment_reminder,reminder_sent,0,2,Payment reminder sent to customer.
2026-08-31T15:24:48.631189,TX0848,1656,retry_payment,stopped,0,5,Maximum automatic recovery attempts reached. Further retries are stopped and the case requires escalation.
2026-08-31T15:24:48.643262,TX0860,2217,retry_payment,stopped,0,5,Maximum automatic recovery attempts reached. Further retries are stopped and the case requires escalation.
2026-08-31T15:24:48.651853,TX0863,210,retry_payment,stopped,0,6,Maximum automatic recovery attempts reached. Further retries are stopped and the case requires escalation.
2026-08-31T15:24:48.655947,TX0865,1817,escalate,escalated,0,3,Case escalated to human support. Automatic recovery has been stopped.
2026-08-31T15:24:48.665243,TX0875,8797,send_payment_reminder,reminder_sent,0,2,Payment reminder sent to customer.
2026-08-31T15:24:48.669293,TX0876,6213,escalate,escalated,0,3,Case escalated to human support. Automatic recovery has been stopped.
2026-08-31T15:24:48.673424,TX0880,9987,escalate,escalated,0,3,Case escalated to human support. Automatic recovery has been stopped.
2026-08-31T15:24:48.677594,TX0882,5090,escalate,escalated,0,3,Case escalated to human support. Automatic recovery has been stopped.
2026-08-31T15:24:48.681907,TX0885,3140,escalate,escalated,0,3,Case escalated to human support. Automatic recovery has been stopped.
2026-08-31T15:24:48.691068,TX0886,8621,retry_payment,stopped,0,5,Maximum automatic recovery attempts reached. Further retries are stopped and the case requires escalation.
2026-08-31T15:24:48.695542,TX0890,1683,send_payment_reminder,reminder_sent,0,2,Payment reminder sent to customer.
2026-08-31T15:24:48.699808,TX0892,736,send_payment_reminder,reminder_sent,0,2,Payment reminder sent to customer.
2026-08-31T15:24:48.707242,TX0908,8784,escalate,escalated,0,3,Case escalated to human support. Automatic recovery has been stopped.
2026-08-31T15:24:48.714975,TX0913,8900,escalate,escalated,0,3,Case escalated to human support. Automatic recovery has been stopped.
2026-08-31T15:24:48.721944,TX0928,6945,escalate,escalated,0,3,Case escalated to human support. Automatic recovery has been stopped.
2026-08-31T15:24:48.729120,TX0933,2251,send_payment_reminder,reminder_sent,0,1,Payment reminder sent to customer.
2026-08-31T15:24:48.733102,TX0935,1258,send_payment_reminder,reminder_sent,0,3,Payment reminder sent to customer.
2026-08-31T15:24:48.739684,TX0939,1072,escalate,escalated,0,3,Case escalated to human support. Automatic recovery has been stopped.
2026-08-31T15:24:48.752518,TX0958,2331,retry_payment,stopped,0,6,Maximum automatic recovery attempts reached. Further retries are stopped and the case requires escalation.
2026-08-31T15:24:48.766587,TX0971,293,retry_payment,stopped,0,5,Maximum automatic recovery attempts reached. Further retries are stopped and the case requires escalation.
2026-08-31T15:24:48.784308,TX0989,8382,retry_payment,stopped,0,5,Maximum automatic recovery attempts reached. Further retries are stopped and the case requires escalation.
2026-08-31T15:24:48.789544,TX0991,2707,send_payment_reminder,reminder_sent,0,1,Payment reminder sent to customer.
2026-08-31T15:24:48.794785,TX0997,8563,escalate,escalated,0,3,Case escalated to human support. Automatic recovery has been stopped.
2026-08-31T15:30:16.548398,TX0028,8018,escalate,escalated,0,3,Case escalated to human support. Automatic recovery has been stopped.
2026-08-31T15:52:59.665593,TX0882,5090,escalate,escalated,0,3,Case escalated to human support. Automatic recovery has been stopped.
2026-08-31T15:53:28.040101,TX0392,5393,retry_payment,stopped,0,7,Maximum automatic recovery attempts reached. Further retries are stopped and the case requires escalation.
